-- phpMyAdmin SQL Dump
-- version 5.1.1
-- https://www.phpmyadmin.net/
--
-- Host: 127.0.0.1
-- Generation Time: Apr 05, 2024 at 05:01 PM
-- Server version: 10.4.22-MariaDB
-- PHP Version: 7.4.27

SET SQL_MODE = "NO_AUTO_VALUE_ON_ZERO";
START TRANSACTION;
SET time_zone = "+00:00";


/*!40101 SET @OLD_CHARACTER_SET_CLIENT=@@CHARACTER_SET_CLIENT */;
/*!40101 SET @OLD_CHARACTER_SET_RESULTS=@@CHARACTER_SET_RESULTS */;
/*!40101 SET @OLD_COLLATION_CONNECTION=@@COLLATION_CONNECTION */;
/*!40101 SET NAMES utf8mb4 */;

--
-- Database: `studentdormsystem`
--

-- --------------------------------------------------------

--
-- Table structure for table `absence`
--

CREATE TABLE `absence` (
  `id` int(11) NOT NULL,
  `reason` varchar(300) NOT NULL,
  `fromDate` date NOT NULL,
  `toDate` date NOT NULL,
  `studentId` int(11) NOT NULL
) ENGINE=InnoDB DEFAULT CHARSET=utf8mb4;

--
-- Dumping data for table `absence`
--

INSERT INTO `absence` (`id`, `reason`, `fromDate`, `toDate`, `studentId`) VALUES
(3, 'asdadfg', '2024-03-06', '2024-03-06', 1),
(4, 'sfds', '2024-03-14', '2024-03-07', 1),
(5, 'xddfgs', '2024-03-01', '2024-03-21', 1);

-- --------------------------------------------------------

--
-- Table structure for table `applicationdates`
--

CREATE TABLE `applicationdates` (
  `id` int(11) NOT NULL,
  `studentType` varchar(50) DEFAULT NULL,
  `startDate` varchar(100) DEFAULT NULL,
  `endDate` varchar(100) DEFAULT NULL
) ENGINE=InnoDB DEFAULT CHARSET=utf8mb4;

--
-- Dumping data for table `applicationdates`
--

INSERT INTO `applicationdates` (`id`, `studentType`, `startDate`, `endDate`) VALUES
(13, 'fdsdfs', '2023-10-11', '2023-11-03'),
(14, '66887', '2024-01-11', '2024-01-16'),
(15, 'new', '2024-01-17', '2024-01-16'),
(18, 'sdklajhfjklash', '2024-01-30', '2024-02-08');

-- --------------------------------------------------------

--
-- Table structure for table `beds`
--

CREATE TABLE `beds` (
  `id` int(11) NOT NULL,
  `number` int(11) DEFAULT NULL,
  `roomId` int(11) DEFAULT NULL,
  `isOccupied` int(11) DEFAULT NULL,
  `occupant` int(11) DEFAULT NULL
) ENGINE=InnoDB DEFAULT CHARSET=utf8mb4;

--
-- Dumping data for table `beds`
--

INSERT INTO `beds` (`id`, `number`, `roomId`, `isOccupied`, `occupant`) VALUES
(1, 1, 1, 0, NULL),
(3, 3, 1, 0, NULL),
(5, 5, 2, 1, 3),
(10, 88, 11, 0, NULL),
(11, 89, 10, 0, NULL),
(18, 4, 1, 0, NULL),
(48, 46546, 1, 0, NULL),
(50, 123, 39, 0, NULL),
(51, 45, 29, 0, NULL),
(52, 444, 7, 0, NULL),
(53, 66, 9, 1, 8),
(55, 456, 29, 0, NULL),
(56, 44, 29, 0, NULL),
(57, 4654, 33, 0, NULL),
(58, 456, 33, 0, NULL),
(59, 35345, 29, 0, NULL),
(60, 234243, 41, 0, NULL),
(61, 334, 41, 0, NULL),
(62, 2324, 40, 0, NULL),
(63, 324, 40, 0, NULL),
(64, 53543, 9, 0, NULL),
(68, 343534, 2, 0, NULL),
(71, 32342, 2, 1, 7),
(72, 3243, 2, 0, NULL),
(76, 34, 1, 0, NULL),
(81, 33, 44, 0, NULL),
(82, 334, 44, 0, NULL),
(83, 65, 1, 0, NULL),
(84, 334, 48, 0, NULL),
(85, 334, 48, 0, NULL),
(86, 33, 53, 0, NULL),
(87, 334, 53, 0, NULL),
(88, 33, 54, 0, NULL),
(89, 3453, 55, 0, NULL),
(90, 33, 55, 0, NULL),
(93, 6567, 45, 0, NULL),
(94, 5567, 45, 0, NULL),
(95, 7, 57, 0, NULL),
(96, 778, 57, 0, NULL);

-- --------------------------------------------------------

--
-- Table structure for table `blockmeals`
--

CREATE TABLE `blockmeals` (
  `id` int(11) NOT NULL,
  `fromDate` varchar(100) DEFAULT NULL,
  `toDate` varchar(100) DEFAULT NULL,
  `meal` varchar(100) DEFAULT NULL,
  `reason` varchar(100) DEFAULT NULL,
  `studentId` int(11) DEFAULT NULL
) ENGINE=InnoDB DEFAULT CHARSET=utf8mb4;

--
-- Dumping data for table `blockmeals`
--

INSERT INTO `blockmeals` (`id`, `fromDate`, `toDate`, `meal`, `reason`, `studentId`) VALUES
(3, '2024-01-03', '2024-01-09', 'lunch', 'mosha8eb', 1),
(4, '2024-03-06', '2024-03-22', 'dinner', 'ssds', 5);

-- --------------------------------------------------------

--
-- Table structure for table `buildings`
--

CREATE TABLE `buildings` (
  `id` int(11) NOT NULL,
  `name` varchar(100) DEFAULT NULL,
  `type` varchar(10) NOT NULL,
  `townId` int(11) DEFAULT NULL
) ENGINE=InnoDB DEFAULT CHARSET=utf8mb4;

--
-- Dumping data for table `buildings`
--

INSERT INTO `buildings` (`id`, `name`, `type`, `townId`) VALUES
(1, 'building 1', 'M', 1),
(2, 'building 2', 'M', 1),
(3, 'building 1', 'F', 3),
(4, 'building 2', 'M', 3),
(11, 'building 3', 'F', 1),
(30, 'dfsfdsdfs', 'M', 1);

-- --------------------------------------------------------

--
-- Table structure for table `categories`
--

CREATE TABLE `categories` (
  `id` int(11) NOT NULL,
  `name` varchar(100) DEFAULT NULL,
  `governorate` varchar(100) DEFAULT NULL
) ENGINE=InnoDB DEFAULT CHARSET=utf8mb4;

--
-- Dumping data for table `categories`
--

INSERT INTO `categories` (`id`, `name`, `governorate`) VALUES
(4, 'dfgdfgdfg', 'الزقازيق'),
(5, 'fgdfg', 'الإسماعيلية'),
(9, '786786876', 'أسوان');

-- --------------------------------------------------------

--
-- Table structure for table `departments`
--

CREATE TABLE `departments` (
  `id` int(11) NOT NULL,
  `facultyId` int(11) NOT NULL,
  `name` varchar(200) NOT NULL,
  `type` varchar(200) NOT NULL
) ENGINE=InnoDB DEFAULT CHARSET=utf8mb4;

--
-- Dumping data for table `departments`
--

INSERT INTO `departments` (`id`, `facultyId`, `name`, `type`) VALUES
(125, 23, 'الفرقة الإعدادية', 'نظام الفصلين الدراسيين'),
(126, 23, 'هندسة الحاسبات والنظم', 'نظام الفصلين الدراسيين'),
(127, 23, 'هندسة الأتصالات والألكترونيات', 'نظام الفصلين الدراسيين'),
(128, 23, 'هندسة الإلكترونيات والاتصالات والحاسبات', 'نظام الفصلين الدراسيين'),
(129, 23, 'الهندسة الحيوية الطبية', 'نظام الفصلين الدراسيين'),
(130, 23, 'هندسة القوى والألات الكهربية', 'نظام الفصلين الدراسيين'),
(131, 23, 'الهندسة الميكانيكية لائحة 2020', 'نظام الفصلين الدراسيين'),
(132, 23, 'الهندسة الميكانيكية لائحة 2003', 'نظام الفصلين الدراسيين'),
(133, 23, 'هندسة الإتصالات والمعلومات', 'ساعات معتمده'),
(134, 23, 'هندسة القوى والوقاية الكهربية', 'ساعات معتمده'),
(135, 24, 'الفرقة الإعدادية', 'فصول دراسيه'),
(136, 24, 'الهندسة المدنية', 'فصول دراسيه'),
(137, 24, 'التصميم الميكانيكى', 'فصول دراسيه'),
(138, 24, 'هندسة السيارات والجرارات', 'فصول دراسيه'),
(139, 24, 'هندسة القوى الميكانيكية', 'فصول دراسيه'),
(140, 24, 'الهندسة المعمارية', 'فصول دراسيه'),
(141, 24, 'ھندسة الطاقة', 'ساعات معتمده'),
(142, 24, 'الھندسة الإنشائیة', 'ساعات معتمده'),
(143, 24, 'هندسة إدارة المشروعات والتشیید المستدام', 'ساعات معتمده'),
(144, 24, 'ھندسة المیكاترونیات بالسیارات', 'ساعات معتمده'),
(145, 25, 'البرنامج العام', 'ساعات معتمده'),
(146, 25, 'هندسه البرمجيات', 'ساعات معتمده'),
(147, 25, 'معلوماتيه طبيه', 'ساعات معتمده'),
(148, 26, 'البرنامج العام', 'فصول دراسيه'),
(149, 27, 'البرنامج العام (لائحة قديمة)', 'فصول دراسية'),
(150, 27, 'بكالوريوس الصيدلة (فارم دى)', 'ساعات معتمده'),
(151, 27, 'بكالوريوس الصيدلة (فارم د اكلينيكية)', 'ساعات معتمده'),
(152, 28, 'شعبه عامه', 'فصول دراسية'),
(153, 29, 'تكنولوجيا الالكترونيات', 'فصول دراسية'),
(154, 29, 'تكنولوجيا الانتاج', 'فصول دراسية'),
(155, 29, 'تكنولوجيا التبريد والتكييف', 'فصول دراسية'),
(156, 29, 'تكنولوجيا السيارات والجرارات', 'فصول دراسية'),
(157, 29, 'تكنولوجيا الكهرباء', 'فصول دراسية'),
(158, 30, 'البرنامج العام عربى انتظام', 'فصول دراسية'),
(159, 30, 'البرنامج العام عربى انتساب', 'فصول دراسية'),
(160, 30, 'البرنامج العام لغات انتظام', 'ساعات معتمده'),
(161, 30, 'البرنامج العام لغات انتساب', 'ساعات معتمده'),
(162, 31, 'برنامج البكالويوس في علوم التمريض (لائحة جديده)', 'ساعات معتمده'),
(163, 31, 'برنامج البكالويوس في علوم التمريض (لائحه قديمه)', 'فصول دراسيه'),
(164, 31, 'برنامج البكالوريوس المكثف', 'ساعات معتمده'),
(165, 31, 'البرنامج التخصصى', 'ساعات معتمده'),
(166, 32, 'الشعبه العامه الفنون (فصول)', 'فصول دراسيه'),
(167, 32, 'الديكور (فصول)', 'فصول دراسيه'),
(168, 32, 'العمارة (فصول)', 'فصول دراسيه'),
(169, 32, 'الشعبه العامه الفنون (كريديت)', 'ساعات معتمده'),
(170, 32, 'الديكور (كريديت)', 'ساعات معتمده'),
(171, 32, 'العمارة (كريديت)', 'ساعات معتمده'),
(172, 32, 'تصميم العمارة الداخلية', 'ساعات معتمده'),
(173, 33, 'مجموعة العلوم الطبيعية (لائحة جديدة)', 'ساعات معتمده'),
(174, 33, 'مجموعة العلوم البيولوجية (لائحة جديدة)', 'ساعات معتمده'),
(175, 33, 'التكنولوجيا الحيوية الجزيئية (برنامج نوعى بمصروفات) (لائحة جديدة)', 'ساعات معتمده'),
(176, 33, 'مجموعة علوم الارض (لائحة جديدة)', 'ساعات معتمده'),
(177, 33, 'مجموعة العلوم الفيزيائية (لائحة قديمة)', 'فصول دراسية'),
(178, 33, 'مجموعة العلوم البيولوجية (لائحة قديمة)', 'فصول دراسية'),
(179, 33, 'مجموعة علوم الارض (لائحة قديمة)', 'فصول دراسية'),
(180, 33, 'برنامج البيوتكنولوجي (لائحة قديمة)', 'ساعات معتمده'),
(181, 34, 'الشعبه العامه', 'ساعات معتمده'),
(182, 34, 'برنامج علوم تصميم الاثاث', 'ساعات معتمده'),
(183, 34, 'برنامج تصميم الاعلان الرقمي', 'ساعات معتمده'),
(184, 34, 'برنامج الموضة وطباعة المنسوجات', 'ساعات معتمده'),
(185, 34, 'برنامج طباعة الوسائط', 'ساعات معتمده'),
(186, 34, 'برنامج علوم التغليف', 'ساعات معتمده'),
(187, 35, 'اللغة العربية وآدابها - انتظام', 'فصول دراسية'),
(188, 35, 'اللغة العربية وآدابها - انتساب', 'فصول دراسية'),
(189, 35, 'اللغة الإنجليزية وآدابها', 'فصول دراسية'),
(190, 35, 'اللغةالفرنسيةوآدابها- انتظام', 'فصول دراسية'),
(191, 35, 'اللغةالفرنسيةوآدابها- انتساب', 'فصول دراسية'),
(192, 35, 'اللغةالألمانيةوآدابها', 'فصول دراسية'),
(193, 35, 'اللغة الإيطالية وآدابها', 'فصول دراسية'),
(194, 35, 'اللغة الاسبانية وآدابها', 'فصول دراسية'),
(195, 35, 'اللغة الصينية وآدابها', 'فصول دراسية'),
(196, 35, 'اللغة العبرية وآدابها', 'فصول دراسية'),
(197, 35, 'اللغات الشرقيةوآدابها', 'فصول دراسية'),
(198, 35, 'التاريخ- انتظام', 'فصول دراسية'),
(199, 35, 'التاريخ- انتساب', 'فصول دراسية'),
(200, 35, 'الجغرافيا ونظم المعلومات الجغرافيه-انتظام', 'فصول دراسية'),
(201, 35, 'الجغرافيا ونظم المعلومات الجغرافيه-انتساب', 'فصول دراسية'),
(202, 35, 'الفلسفة- انتظام', 'فصول دراسية'),
(203, 35, 'الفلسفة- انتساب', 'فصول دراسية'),
(204, 35, 'علم النفس', 'فصول دراسية'),
(205, 35, 'الاجتماع - انتظام', 'فصول دراسية'),
(206, 35, 'الاجتماع - انتساب', 'فصول دراسية'),
(207, 35, 'الإعلام', 'فصول دراسية'),
(208, 35, 'الآثار والحضارة', 'فصول دراسية'),
(209, 35, 'المكتبات والمعلومات- انتظام', 'فصول دراسية'),
(210, 35, 'المكتبات والمعلومات- انتساب', 'فصول دراسية'),
(211, 35, 'علوم المسرح', 'فصول دراسية'),
(212, 35, 'برنامج الترجمة الفورية والتحريرية', 'ساعات معتمده'),
(213, 35, 'برنامج اللغة الفرنسية والترجمة', 'ساعات معتمده'),
(214, 35, 'برنامج الجوماتكس ونظم المعلومات الجغرافية', 'ساعات معتمده'),
(215, 36, 'البرنامج العام', 'فصول دراسية'),
(216, 36, 'التغذيه العلاجيه ', 'ساعات معتمده'),
(217, 36, 'البرنامج العام  لائحة ساعات معتمده', 'ساعات معتمده'),
(218, 37, 'قسم المناهج وطريق التدريس', 'فصول دراسية'),
(219, 37, 'قسم تكنولوجيا التعليم', 'فصول دراسية'),
(220, 37, 'قسم الصحه النفسيه', 'فصول دراسية'),
(221, 37, 'قسم رياض اطفال', 'فصول دراسية'),
(222, 37, 'قسم علم النفس التربوي', 'فصول دراسية'),
(223, 37, 'قسم الفنون الصناعيه', 'فصول دراسية'),
(224, 38, 'البرنامج العام انتظام', 'فصول دراسية'),
(225, 38, 'البرنامج العام انتساب', 'فصول دراسية'),
(226, 39, 'قسم الإرشاد السياحي', 'فصول دراسية'),
(227, 39, 'قسم الدراسات السياحية عربي', 'فصول دراسية'),
(228, 39, 'قسم الدراسات السياحية لغات', 'فصول دراسية'),
(229, 39, 'قسم الإدارة الفندقية عربي', 'فصول دراسية'),
(230, 39, 'قسم الإدارة الفندقية لغات', 'فصول دراسية'),
(231, 39, 'برنامج الدراسات التراثية والمتحفية', 'نقاط معتمدة'),
(232, 39, 'برنامج إدارة عمليات الطيران', 'ساعات معتمدة'),
(233, 39, 'برنامج إدارة الفنادق (ماريوت)', 'ساعات معتمدة'),
(234, 39, 'برنامج التعليم التبادلي (أمريكانا)', 'ساعات معتمدة'),
(235, 39, 'برنامج التعليم التبادلي (ماكدونالدز)', 'ساعات معتمدة'),
(236, 39, 'برنامج التعليم التبادلي (برجر كنج)', 'ساعات معتمدة'),
(237, 39, 'برنامج التعليم التبادلي (موري كو)', 'ساعات معتمدة'),
(238, 40, 'البرنامج العام', 'فصول دراسية'),
(239, 41, 'عام عربى - انتظام', 'فصول دراسية'),
(240, 41, 'عام عربى - انتساب', 'فصول دراسية'),
(241, 41, 'عام لغات - انتظام', 'فصول دراسية'),
(242, 41, 'عام لغات - انتساب', 'فصول دراسية'),
(243, 41, 'برنامج نظم معلومات الأعمال (BIS)', 'ساعات معتمدة'),
(244, 41, 'برنامج الأسواق والمنشأت المالية (FMI)', 'ساعات معتمدة'),
(245, 42, 'البرنامج العام', 'فصول دراسية'),
(246, 42, 'برنامج الدبلوم التخصصى ', 'فصول دراسية'),
(247, 43, 'ألبرنامج العام', 'فصول دراسيه'),
(248, 44, 'ألبرنامج العام', 'فصول دراسيه');

-- --------------------------------------------------------

--
-- Table structure for table `employees`
--

CREATE TABLE `employees` (
  `id` int(11) NOT NULL,
  `name` varchar(100) NOT NULL,
  `username` varchar(100) DEFAULT NULL,
  `password` varchar(100) DEFAULT NULL,
  `creating` int(11) NOT NULL,
  `reading` int(11) NOT NULL,
  `deleting` int(11) NOT NULL,
  `updating` int(11) NOT NULL,
  `creatingEmployee` int(11) NOT NULL
) ENGINE=InnoDB DEFAULT CHARSET=utf8mb4;

--
-- Dumping data for table `employees`
--

INSERT INTO `employees` (`id`, `name`, `username`, `password`, `creating`, `reading`, `deleting`, `updating`, `creatingEmployee`) VALUES
(1, 'omar', 'omar1', '$2b$10$mm1a.2gmFmQAuLb.wmyNieTHdl6QJ7f09B0FwWdbvfRzMGKKsLsjC', 1, 1, 1, 1, 1),
(3, 'omar', 'omar2', '$2b$10$VCV4BAEg9UuEl5Yw5XnM.eNIKJ5SjGuyseDLfQ6DqF6P/2iLYG.OS', 0, 1, 0, 0, 0);

-- --------------------------------------------------------

--
-- Table structure for table `faculties`
--

CREATE TABLE `faculties` (
  `id` int(11) NOT NULL,
  `name` varchar(200) NOT NULL
) ENGINE=InnoDB DEFAULT CHARSET=utf8mb4;

--
-- Dumping data for table `faculties`
--

INSERT INTO `faculties` (`id`, `name`) VALUES
(23, 'الهندسة بحلوان'),
(24, 'الهندسة بالمطرية'),
(25, 'الحاسبات والذكاء الاصطناعى'),
(26, 'الطب'),
(27, 'الصيدلة'),
(28, 'التربية الفنية'),
(29, 'التكنولوجيا والتعليم'),
(30, 'الحقوق'),
(31, 'التمريض'),
(32, 'الفنون الجميلة'),
(33, 'العلوم'),
(34, 'الفنون التطبيقية'),
(35, 'أداب'),
(36, 'الاقتصاد المنزلى'),
(37, 'التربية'),
(38, 'الخدمة الاجتماعية'),
(39, 'السياحة والفنادق'),
(40, 'تربية موسيقية'),
(41, 'كلية التجارة وإدارة الأعمال'),
(42, 'معهد التمريض'),
(43, 'تربية رياضية بنين'),
(44, 'تربية رياضية بنات');

-- --------------------------------------------------------

--
-- Table structure for table `fees`
--

CREATE TABLE `fees` (
  `id` int(11) NOT NULL,
  `name` varchar(100) NOT NULL,
  `necessaryForNutrition` varchar(10) NOT NULL
) ENGINE=InnoDB DEFAULT CHARSET=utf8mb4;

--
-- Dumping data for table `fees`
--

INSERT INTO `fees` (`id`, `name`, `necessaryForNutrition`) VALUES
(1, 'new1', 'yes'),
(2, 'new2', 'no'),
(7, 'adsasd', 'no'),
(8, 'saasaserr', 'yes'),
(9, 'normal rescidence', 'no');

-- --------------------------------------------------------

--
-- Table structure for table `floors`
--

CREATE TABLE `floors` (
  `id` int(11) NOT NULL,
  `number` int(11) DEFAULT NULL,
  `buildingId` int(11) DEFAULT NULL
) ENGINE=InnoDB DEFAULT CHARSET=utf8mb4;

--
-- Dumping data for table `floors`
--

INSERT INTO `floors` (`id`, `number`, `buildingId`) VALUES
(1, 1, 1),
(2, 2, 1),
(3, 1, 2),
(4, 2, 2),
(5, 1, 4),
(6, 1, 3),
(7, 11, 3),
(8, 10, 3),
(9, 3, 1),
(21, 1, 11),
(22, 3, 11);

-- --------------------------------------------------------

--
-- Table structure for table `instructions`
--

CREATE TABLE `instructions` (
  `id` int(11) NOT NULL,
  `instruction` varchar(400) DEFAULT NULL
) ENGINE=InnoDB DEFAULT CHARSET=utf8mb4;

--
-- Dumping data for table `instructions`
--

INSERT INTO `instructions` (`id`, `instruction`) VALUES
(84, 'sfasdfasdfas'),
(85, 'asdfasdfafsdasdfafsd'),
(86, 'asdfasdfafsasefasasasaaaaaaaaaaaaa'),
(88, 'asdasdfadfssdss'),
(90, '11adadsa'),
(98, 'sdasdadsa'),
(99, 'dasda'),
(100, 'sdasdasdasd'),
(101, 'dsasdasd');

-- --------------------------------------------------------

--
-- Table structure for table `levels`
--

CREATE TABLE `levels` (
  `id` int(11) NOT NULL,
  `programId` int(11) NOT NULL,
  `name` varchar(200) NOT NULL
) ENGINE=InnoDB DEFAULT CHARSET=utf8mb4;

--
-- Dumping data for table `levels`
--

INSERT INTO `levels` (`id`, `programId`, `name`) VALUES
(966, 328, 'الفرقة الإعدادية'),
(967, 329, 'الفرقة الأولى'),
(968, 329, 'الفرقة الثانية'),
(969, 329, 'الفرقة الثالثة'),
(970, 329, 'الفرقة الرابعة'),
(971, 330, 'الفرقة الأولى'),
(972, 330, 'الفرقة الثانية'),
(973, 330, 'الفرقة الثالثة'),
(974, 330, 'الفرقة الرابعة'),
(975, 331, 'الفرقة الأولى'),
(976, 331, 'الفرقة الثانية'),
(977, 332, 'الفرقة الثالثة'),
(978, 332, 'الفرقة الرابعة'),
(979, 333, 'الفرقة الثالثة'),
(980, 333, 'الفرقة الرابعة'),
(981, 334, 'الفرقة الأولى'),
(982, 334, 'الفرقة الثانية'),
(983, 334, 'الفرقة الثالثة'),
(984, 334, 'الفرقة الرابعة'),
(985, 335, 'الفرقة الأولى'),
(986, 335, 'الفرقة الثانية'),
(987, 335, 'الفرقة الثالثة'),
(988, 335, 'الفرقة الرابعة'),
(989, 336, 'الفرقة الأولى'),
(990, 336, 'الفرقة الثانية'),
(991, 337, 'الفرقة الثالثة'),
(992, 337, 'الفرقة الرابعة'),
(993, 338, 'الفرقة الثالثة'),
(994, 338, 'الفرقة الرابعة'),
(995, 339, 'الفرقة الثالثة'),
(996, 339, 'الفرقة الرابعة'),
(997, 340, 'الفرقة الأولى'),
(998, 341, 'الفرقة الثانية'),
(999, 341, 'الفرقة الثالثة'),
(1000, 341, 'الفرقة الرابعة'),
(1001, 342, 'الفرقة الثانية'),
(1002, 342, 'الفرقة الثالثة'),
(1003, 342, 'الفرقة الرابعة'),
(1004, 343, 'الفرقة الثانية'),
(1005, 343, 'الفرقة الثالثة'),
(1006, 343, 'الفرقة الرابعة'),
(1007, 344, 'المستوى صفر'),
(1008, 344, 'المستوى الأول'),
(1009, 344, 'المستوى الثانى'),
(1010, 344, 'المستوى الثالث'),
(1011, 344, 'المستوى الرابع'),
(1012, 345, 'المستوى صفر'),
(1013, 345, 'المستوى الأول'),
(1014, 345, 'المستوى الثانى'),
(1015, 345, 'المستوى الثالث'),
(1016, 345, 'المستوى الرابع'),
(1017, 346, 'الفرقة الإعدادية'),
(1018, 347, 'الفرقة الأولى'),
(1019, 347, 'الفرقة الثانية'),
(1020, 347, 'الفرقة الثالثة'),
(1021, 347, 'الفرقة الرابعة'),
(1022, 348, 'الفرقة الأولى'),
(1023, 348, 'الفرقة الثانية'),
(1024, 348, 'الفرقة الثالثة'),
(1025, 348, 'الفرقة الرابعة'),
(1026, 349, 'الفرقة الأولى'),
(1027, 349, 'الفرقة الثانية'),
(1028, 349, 'الفرقة الثالثة'),
(1029, 349, 'الفرقة الرابعة'),
(1030, 350, 'الفرقة الأولى'),
(1031, 350, 'الفرقة الثانية'),
(1032, 350, 'الفرقة الثالثة'),
(1033, 350, 'الفرقة الرابعة'),
(1034, 351, 'الفرقة الأولى'),
(1035, 351, 'الفرقة الثانية'),
(1036, 351, 'الفرقة الثالثة'),
(1037, 351, 'الفرقة الرابعة'),
(1038, 352, 'الفرقة الإعدادية'),
(1039, 352, 'الفرقة الأولى'),
(1040, 352, 'الفرقة الثانية'),
(1041, 352, 'الفرقة الثالثة'),
(1042, 352, 'الفرقة الرابعة'),
(1043, 353, 'الفرقة الإعدادية'),
(1044, 353, 'الفرقة الأولى'),
(1045, 353, 'الفرقة الثانية'),
(1046, 353, 'الفرقة الثالثة'),
(1047, 353, 'الفرقة الرابعة'),
(1048, 354, 'الفرقة الإعدادية'),
(1049, 354, 'الفرقة الأولى'),
(1050, 354, 'الفرقة الثانية'),
(1051, 354, 'الفرقة الثالثة'),
(1052, 354, 'الفرقة الرابعة'),
(1053, 355, 'الفرقة الإعدادية'),
(1054, 355, 'الفرقة الأولى'),
(1055, 355, 'الفرقة الثانية'),
(1056, 355, 'الفرقة الثالثة'),
(1057, 355, 'الفرقة الرابعة'),
(1058, 356, 'المستوى الأول'),
(1059, 356, 'المستوى الثانى'),
(1060, 357, 'المستوى الثالث'),
(1061, 357, 'المستوى الرابع'),
(1062, 358, 'المستوى الثالث'),
(1063, 358, 'المستوى الرابع'),
(1064, 359, 'المستوى الثالث'),
(1065, 359, 'المستوى الرابع'),
(1066, 360, 'المستوى الأول'),
(1067, 360, 'المستوى الثانى'),
(1068, 360, 'المستوى الثالث'),
(1069, 360, 'المستوى الرابع'),
(1070, 361, 'المستوى الأول'),
(1071, 361, 'المستوى الثانى'),
(1072, 361, 'المستوى الثالث'),
(1073, 361, 'المستوى الرابع'),
(1074, 362, 'الفرقة الأولى'),
(1075, 362, 'الفرقة الثانية'),
(1076, 363, 'الفرقة الثالثة'),
(1077, 363, 'الفرقة الرابعة'),
(1078, 364, 'الفرقة الثالثة'),
(1079, 364, 'الفرقة الرابعة'),
(1080, 365, 'المستوى الأول'),
(1081, 365, 'المستوى الثانى'),
(1082, 365, 'المستوى الثالث'),
(1083, 365, 'المستوى الرابع'),
(1084, 365, 'المستوى الخامس'),
(1085, 366, 'المستوى الأول'),
(1086, 366, 'المستوى الثانى'),
(1087, 366, 'المستوى الثالث'),
(1088, 366, 'المستوى الرابع'),
(1089, 366, 'المستوى الخامس'),
(1090, 367, 'الفرقة الأولى'),
(1091, 367, 'الفرقة الثانية'),
(1092, 368, 'الفرقة الثالثة'),
(1093, 368, 'الفرقة الرابعة'),
(1094, 368, 'الفرقة الخامسة'),
(1095, 369, 'الفرقة الثالثة'),
(1096, 369, 'الفرقة الرابعة'),
(1097, 369, 'الفرقة الخامسة'),
(1098, 370, 'الفرقة الأولى'),
(1099, 370, 'الفرقة الثانية'),
(1100, 370, 'الفرقة الثالثة'),
(1101, 370, 'الفرقة الرابعة'),
(1102, 371, 'الفرقة الأولى'),
(1103, 371, 'الفرقة الثانية'),
(1104, 371, 'الفرقة الثالثة'),
(1105, 371, 'الفرقة الرابعة'),
(1106, 372, 'الفرقة الأولى'),
(1107, 372, 'الفرقة الثانية'),
(1108, 372, 'الفرقة الثالثة'),
(1109, 372, 'الفرقة الرابعة'),
(1110, 373, 'الفرقة الأولى'),
(1111, 373, 'الفرقة الثانية'),
(1112, 373, 'الفرقة الثالثة'),
(1113, 373, 'الفرقة الرابعة'),
(1114, 374, 'الفرقة الأولى'),
(1115, 374, 'الفرقة الثانية'),
(1116, 374, 'الفرقة الثالثة'),
(1117, 374, 'الفرقة الرابعة'),
(1118, 375, 'المستوى الأول'),
(1119, 375, 'المستوى الثانى'),
(1120, 375, 'المستوى الثالث'),
(1121, 375, 'المستوى الرابع'),
(1122, 376, 'المستوى الأول'),
(1123, 376, 'المستوى الثانى'),
(1124, 376, 'المستوى الثالث'),
(1125, 376, 'المستوى الرابع'),
(1126, 377, 'المستوى الأول'),
(1127, 377, 'المستوى الثانى'),
(1128, 377, 'المستوى الثالث'),
(1129, 377, 'المستوى الرابع'),
(1130, 378, 'المستوى الأول'),
(1131, 378, 'المستوى الثانى'),
(1132, 378, 'المستوى الثالث'),
(1133, 378, 'المستوى الرابع'),
(1134, 379, 'الفرقة الأولى'),
(1135, 379, 'الفرقة الثانية'),
(1136, 379, 'الفرقة الثالثة'),
(1137, 379, 'الفرقة الرابعة'),
(1138, 379, 'سنه الامتياز'),
(1139, 380, 'المستوى الأول'),
(1140, 380, 'المستوى الثانى'),
(1141, 380, 'المستوى الثالث'),
(1142, 380, 'المستوى الرابع'),
(1143, 380, 'سنه الامتياز'),
(1144, 381, 'تمهيدى'),
(1145, 381, 'المستوى الأول'),
(1146, 381, 'المستوى الثانى'),
(1147, 381, 'سنه الامتياز'),
(1148, 382, 'الفرقة الأولى'),
(1149, 382, 'الفرقة الثانية'),
(1150, 382, 'المقاصه 6 شهور'),
(1151, 382, 'الفرقة الثالثة'),
(1152, 382, 'سنه الامتياز'),
(1153, 383, 'اعدادى فنون'),
(1154, 384, 'الفرقة الأولى'),
(1155, 384, 'الفرقة الثانية'),
(1156, 385, 'الفرقة الثالثة'),
(1157, 385, 'الفرقة الرابعة'),
(1158, 386, 'الفرقة الثالثة'),
(1159, 386, 'الفرقة الرابعة'),
(1160, 387, 'الفرقة الأولى'),
(1161, 387, 'الفرقة الثانية'),
(1162, 388, 'الفرقة الثالثة'),
(1163, 388, 'الفرقة الرابعة'),
(1164, 389, 'الفرقة الثالثة'),
(1165, 389, 'الفرقة الرابعة'),
(1166, 390, 'الفرقة الأولى'),
(1167, 390, 'الفرقة الثانية'),
(1168, 391, 'الفرقة الثالثة'),
(1169, 391, 'الفرقة الرابعة'),
(1170, 392, 'الفرقة الثالثة'),
(1171, 392, 'الفرقة الرابعة'),
(1172, 393, 'الفرقة الثالثة'),
(1173, 393, 'الفرقة الرابعة'),
(1174, 394, 'اعدادى ديكور'),
(1175, 394, 'الفرقة الأولى'),
(1176, 394, 'الفرقة الثانية'),
(1177, 395, 'الفرقة الثالثة'),
(1178, 395, 'الفرقة الرابعة'),
(1179, 396, 'الفرقة الثالثة'),
(1180, 396, 'الفرقة الرابعة'),
(1181, 397, 'اعدادى عمارة'),
(1182, 397, 'الفرقة الأولى'),
(1183, 397, 'الفرقة الثانية'),
(1184, 397, 'الفرقة الثالثة'),
(1185, 397, 'الفرقة الرابعة'),
(1186, 398, 'المستوى الأول'),
(1187, 399, 'المستوى الثانى'),
(1188, 399, 'المستوى الثالث'),
(1189, 399, 'المستوى الرابع'),
(1190, 399, 'المستوى الخامس'),
(1191, 400, 'المستوى الثانى'),
(1192, 400, 'المستوى الثالث'),
(1193, 400, 'المستوى الرابع'),
(1194, 400, 'المستوى الخامس'),
(1195, 401, 'المستوى الثانى'),
(1196, 401, 'المستوى الثالث'),
(1197, 401, 'المستوى الرابع'),
(1198, 401, 'المستوى الخامس'),
(1199, 402, 'المستوى الثانى'),
(1200, 402, 'المستوى الثالث'),
(1201, 402, 'المستوى الرابع'),
(1202, 402, 'المستوى الخامس'),
(1203, 403, 'المستوى الثانى'),
(1204, 403, 'المستوى الثالث'),
(1205, 403, 'المستوى الرابع'),
(1206, 403, 'المستوى الخامس'),
(1207, 404, 'المستوى الثانى'),
(1208, 404, 'المستوى الثالث'),
(1209, 404, 'المستوى الرابع'),
(1210, 404, 'المستوى الخامس'),
(1211, 405, 'المستوى الثانى'),
(1212, 405, 'المستوى الثالث'),
(1213, 405, 'المستوى الرابع'),
(1214, 405, 'المستوى الخامس'),
(1215, 406, 'المستوى الثانى'),
(1216, 406, 'المستوى الثالث'),
(1217, 406, 'المستوى الرابع'),
(1218, 406, 'المستوى الخامس'),
(1219, 407, 'المستوى الأول'),
(1220, 407, 'المستوى الثانى'),
(1221, 408, 'المستوى الثالث'),
(1222, 408, 'المستوى الرابع'),
(1223, 408, 'المستوى الخامس'),
(1224, 409, 'المستوى الثالث'),
(1225, 409, 'المستوى الرابع'),
(1226, 409, 'المستوى الخامس'),
(1227, 410, 'المستوى صفر'),
(1228, 410, 'المستوى الأول'),
(1229, 410, 'المستوى الثانى'),
(1230, 410, 'المستوى الثالث'),
(1231, 410, 'المستوى الرابع'),
(1232, 411, 'المستوى الأول'),
(1233, 411, 'المستوى الثانى'),
(1234, 411, 'المستوى الثالث'),
(1235, 411, 'المستوى الرابع'),
(1236, 411, 'المستوى الخامس'),
(1237, 412, 'المستوى الأول'),
(1238, 413, 'المستوى الثانى'),
(1239, 413, 'المستوى الثالث'),
(1240, 413, 'المستوى الرابع'),
(1241, 414, 'المستوى الثانى'),
(1242, 414, 'المستوى الثالث'),
(1243, 414, 'المستوى الرابع'),
(1244, 415, 'المستوى الثانى'),
(1245, 415, 'المستوى الثالث'),
(1246, 415, 'المستوى الرابع'),
(1247, 416, 'المستوى الثانى'),
(1248, 416, 'المستوى الثالث'),
(1249, 416, 'المستوى الرابع'),
(1250, 417, 'المستوى الثانى'),
(1251, 417, 'المستوى الثالث'),
(1252, 417, 'المستوى الرابع'),
(1253, 418, 'المستوى الثانى'),
(1254, 418, 'المستوى الثالث'),
(1255, 418, 'المستوى الرابع'),
(1256, 419, 'المستوى الثانى'),
(1257, 419, 'المستوى الثالث'),
(1258, 419, 'المستوى الرابع'),
(1259, 420, 'المستوى الثانى'),
(1260, 420, 'المستوى الثالث'),
(1261, 420, 'المستوى الرابع'),
(1262, 421, 'المستوى الأول'),
(1263, 422, 'المستوى الثانى'),
(1264, 422, 'المستوى الثالث'),
(1265, 422, 'المستوى الرابع'),
(1266, 423, 'المستوى الثانى'),
(1267, 423, 'المستوى الثالث'),
(1268, 423, 'المستوى الرابع'),
(1269, 424, 'المستوى الثانى'),
(1270, 424, 'المستوى الثالث'),
(1271, 424, 'المستوى الرابع'),
(1272, 425, 'المستوى الثانى'),
(1273, 425, 'المستوى الثالث'),
(1274, 425, 'المستوى الرابع'),
(1275, 426, 'المستوى الثانى'),
(1276, 426, 'المستوى الثالث'),
(1277, 426, 'المستوى الرابع'),
(1278, 427, 'المستوى الثانى'),
(1279, 427, 'المستوى الثالث'),
(1280, 427, 'المستوى الرابع'),
(1281, 428, 'المستوى الثانى'),
(1282, 428, 'المستوى الثالث'),
(1283, 428, 'المستوى الرابع'),
(1284, 429, 'المستوى الأول'),
(1285, 429, 'المستوى الثانى'),
(1286, 429, 'المستوى الثالث'),
(1287, 429, 'المستوى الرابع'),
(1288, 430, 'المستوى الأول'),
(1289, 431, 'المستوى الثانى'),
(1290, 431, 'المستوى الثالث'),
(1291, 431, 'المستوى الرابع'),
(1292, 432, 'المستوى الثانى'),
(1293, 432, 'المستوى الثالث'),
(1294, 432, 'المستوى الرابع'),
(1295, 433, 'المستوى الثانى'),
(1296, 433, 'المستوى الثالث'),
(1297, 433, 'المستوى الرابع'),
(1298, 434, 'المستوى الأول'),
(1299, 435, 'المستوى الثانى'),
(1300, 436, 'المستوى الثالث'),
(1301, 436, 'المستوى الرابع'),
(1302, 437, 'المستوى الثالث'),
(1303, 437, 'المستوى الرابع'),
(1304, 438, 'المستوى الثالث'),
(1305, 438, 'المستوى الرابع'),
(1306, 439, 'المستوى الثالث'),
(1307, 439, 'المستوى الرابع'),
(1308, 440, 'المستوى الثالث'),
(1309, 440, 'المستوى الرابع'),
(1310, 441, 'المستوى الثالث'),
(1311, 441, 'المستوى الرابع'),
(1312, 442, 'المستوى الثالث'),
(1313, 442, 'المستوى الرابع'),
(1314, 443, 'المستوى الثانى'),
(1315, 443, 'المستوى الثالث'),
(1316, 443, 'المستوى الرابع'),
(1317, 444, 'المستوى الثانى'),
(1318, 445, 'المستوى الثالث'),
(1319, 445, 'المستوى الرابع'),
(1320, 446, 'المستوى الثالث'),
(1321, 446, 'المستوى الرابع'),
(1322, 447, 'المستوى الثالث'),
(1323, 447, 'المستوى الرابع'),
(1324, 448, 'المستوى الأول'),
(1325, 449, 'المستوى الثانى'),
(1326, 450, 'المستوى الثالث'),
(1327, 450, 'المستوى الرابع'),
(1328, 451, 'المستوى الثالث'),
(1329, 451, 'المستوى الرابع'),
(1330, 452, 'المستوى الثالث'),
(1331, 452, 'المستوى الرابع'),
(1332, 453, 'المستوى الثالث'),
(1333, 453, 'المستوى الرابع'),
(1334, 454, 'المستوى الثالث'),
(1335, 454, 'المستوى الرابع'),
(1336, 455, 'المستوى الثالث'),
(1337, 455, 'المستوى الرابع'),
(1338, 456, 'المستوى الثالث'),
(1339, 456, 'المستوى الرابع'),
(1340, 457, 'المستوى الأول'),
(1341, 458, 'المستوى الثانى'),
(1342, 459, 'المستوى الثالث'),
(1343, 459, 'المستوى الرابع'),
(1344, 460, 'المستوى الثالث'),
(1345, 460, 'المستوى الرابع'),
(1346, 461, 'المستوى الثانى'),
(1347, 461, 'المستوى الثالث'),
(1348, 461, 'المستوى الرابع'),
(1349, 462, 'المستوى الأول'),
(1350, 462, 'المستوى الثانى'),
(1351, 462, 'المستوى الثالث'),
(1352, 462, 'المستوى الرابع'),
(1353, 463, 'الفرقة الإعدادية'),
(1354, 464, 'الفرقة الأولى'),
(1355, 464, 'الفرقة الثانية'),
(1356, 464, 'الفرقة الثالثة'),
(1357, 464, 'الفرقة الرابعة'),
(1358, 465, 'الفرقة الأولى'),
(1359, 465, 'الفرقة الثانية'),
(1360, 465, 'الفرقة الثالثة'),
(1361, 465, 'الفرقة الرابعة'),
(1362, 466, 'الفرقة الأولى'),
(1363, 466, 'الفرقة الثانية'),
(1364, 466, 'الفرقة الثالثة'),
(1365, 466, 'الفرقة الرابعة'),
(1366, 467, 'الفرقة الأولى'),
(1367, 467, 'الفرقة الثانية'),
(1368, 467, 'الفرقة الثالثة'),
(1369, 467, 'الفرقة الرابعة'),
(1370, 468, 'الفرقة الأولى'),
(1371, 468, 'الفرقة الثانية'),
(1372, 468, 'الفرقة الثالثة'),
(1373, 468, 'الفرقة الرابعة'),
(1374, 469, 'الفرقة الأولى'),
(1375, 469, 'الفرقة الثانية'),
(1376, 469, 'الفرقة الثالثة'),
(1377, 469, 'الفرقة الرابعة'),
(1378, 470, 'الفرقة الأولى'),
(1379, 470, 'الفرقة الثانية'),
(1380, 470, 'الفرقة الثالثة'),
(1381, 470, 'الفرقة الرابعة'),
(1382, 471, 'الفرقة الأولى'),
(1383, 471, 'الفرقة الثانية'),
(1384, 471, 'الفرقة الثالثة'),
(1385, 471, 'الفرقة الرابعة'),
(1386, 472, 'الفرقة الأولى'),
(1387, 472, 'الفرقة الثانية'),
(1388, 472, 'الفرقة الثالثة'),
(1389, 472, 'الفرقة الرابعة'),
(1390, 473, 'الفرقة الأولى'),
(1391, 473, 'الفرقة الثانية'),
(1392, 473, 'الفرقة الثالثة'),
(1393, 473, 'الفرقة الرابعة'),
(1394, 474, 'الفرقة الأولى'),
(1395, 474, 'الفرقة الثانية'),
(1396, 474, 'الفرقة الثالثة'),
(1397, 474, 'الفرقة الرابعة'),
(1398, 475, 'الفرقة الأولى'),
(1399, 475, 'الفرقة الثانية'),
(1400, 475, 'الفرقة الثالثة'),
(1401, 475, 'الفرقة الرابعة'),
(1402, 476, 'الفرقة الأولى'),
(1403, 476, 'الفرقة الثانية'),
(1404, 476, 'الفرقة الثالثة'),
(1405, 476, 'الفرقة الرابعة'),
(1406, 477, 'الفرقة الأولى'),
(1407, 477, 'الفرقة الثانية'),
(1408, 477, 'الفرقة الثالثة'),
(1409, 477, 'الفرقة الرابعة'),
(1410, 478, 'الفرقة الإعدادية'),
(1411, 478, 'الفرقة الأولى'),
(1412, 478, 'الفرقة الثانية'),
(1413, 478, 'الفرقة الثالثة'),
(1414, 478, 'الفرقة الرابعة'),
(1415, 479, 'الفرقة الإعدادية'),
(1416, 479, 'الفرقة الأولى'),
(1417, 479, 'الفرقة الثانية'),
(1418, 479, 'الفرقة الثالثة'),
(1419, 479, 'الفرقة الرابعة'),
(1420, 480, 'الفرقة الإعدادية'),
(1421, 480, 'الفرقة الأولى'),
(1422, 480, 'الفرقة الثانية'),
(1423, 480, 'الفرقة الثالثة'),
(1424, 480, 'الفرقة الرابعة'),
(1425, 481, 'الفرقة الأولى'),
(1426, 481, 'الفرقة الثانية'),
(1427, 481, 'الفرقة الثالثة'),
(1428, 481, 'الفرقة الرابعة'),
(1429, 481, 'الفرقة الخامسة'),
(1430, 482, 'الفرقة الأولى'),
(1431, 482, 'الفرقة الثانية'),
(1432, 482, 'الفرقة الثالثة'),
(1433, 482, 'الفرقة الرابعة'),
(1434, 482, 'الفرقة الخامسة'),
(1435, 483, 'الفرقة الأولى'),
(1436, 483, 'الفرقة الثانية'),
(1437, 483, 'الفرقة الثالثة'),
(1438, 483, 'الفرقة الرابعة'),
(1439, 484, 'الفرقة الأولى'),
(1440, 484, 'الفرقة الثانية'),
(1441, 484, 'الفرقة الثالثة'),
(1442, 484, 'الفرقة الرابعة'),
(1443, 485, 'الفرقة الأولى'),
(1444, 486, 'الفرقة الثانية'),
(1445, 486, 'الفرقة الثالثة'),
(1446, 486, 'الفرقة الرابعة'),
(1447, 487, 'الفرقة الثانية'),
(1448, 487, 'الفرقة الثالثة'),
(1449, 487, 'الفرقة الرابعة'),
(1450, 488, 'الفرقة الأولى'),
(1451, 488, 'الفرقة الثانية'),
(1452, 488, 'الفرقة الثالثة'),
(1453, 488, 'الفرقة الرابعة'),
(1454, 489, 'الفرقة الأولى'),
(1455, 489, 'الفرقة الثانية'),
(1456, 489, 'الفرقة الثالثة'),
(1457, 489, 'الفرقة الرابعة'),
(1458, 490, 'الفرقة الأولى'),
(1459, 490, 'الفرقة الثانية'),
(1460, 490, 'الفرقة الثالثة'),
(1461, 490, 'الفرقة الرابعة'),
(1462, 491, 'الفرقة الأولى'),
(1463, 491, 'الفرقة الثانية'),
(1464, 491, 'الفرقة الثالثة'),
(1465, 491, 'الفرقة الرابعة'),
(1466, 492, 'الفرقة الأولى'),
(1467, 492, 'الفرقة الثانية'),
(1468, 492, 'الفرقة الثالثة'),
(1469, 492, 'الفرقة الرابعة'),
(1470, 493, 'الفرقة الأولى'),
(1471, 493, 'الفرقة الثانية'),
(1472, 493, 'الفرقة الثالثة'),
(1473, 493, 'الفرقة الرابعة'),
(1474, 494, 'الفرقة الأولى'),
(1475, 494, 'الفرقة الثانية'),
(1476, 494, 'الفرقة الثالثة'),
(1477, 494, 'الفرقة الرابعة'),
(1478, 495, 'الفرقة الأولى'),
(1479, 496, 'الفرقة الثانية'),
(1480, 496, 'الفرقة الثالثة'),
(1481, 496, 'الفرقة الرابعة'),
(1482, 497, 'الفرقة الثانية'),
(1483, 497, 'الفرقة الثالثة'),
(1484, 497, 'الفرقة الرابعة'),
(1485, 498, 'الفرقة الأولى'),
(1486, 498, 'الفرقة الثانية'),
(1487, 498, 'الفرقة الثالثة'),
(1488, 498, 'الفرقة الرابعة'),
(1489, 499, 'الفرقة الأولى'),
(1490, 499, 'الفرقة الثانية'),
(1491, 499, 'الفرقة الثالثة'),
(1492, 499, 'الفرقة الرابعة'),
(1493, 500, 'الفرقة الأولى'),
(1494, 500, 'الفرقة الثانية'),
(1495, 501, 'الفرقة الثالثة'),
(1496, 501, 'الفرقة الرابعة'),
(1497, 502, 'الفرقة الثالثة'),
(1498, 502, 'الفرقة الرابعة'),
(1499, 503, 'الفرقة الثالثة'),
(1500, 503, 'الفرقة الرابعة'),
(1501, 504, 'الفرقة الثالثة'),
(1502, 504, 'الفرقة الرابعة'),
(1503, 505, 'الفرقة الأولى'),
(1504, 505, 'الفرقة الثانية'),
(1505, 506, 'الفرقة الثالثة'),
(1506, 506, 'الفرقة الرابعة'),
(1507, 507, 'الفرقة الثالثة'),
(1508, 507, 'الفرقة الرابعة'),
(1509, 508, 'الفرقة الثالثة'),
(1510, 508, 'الفرقة الرابعة'),
(1511, 509, 'الفرقة الثالثة'),
(1512, 509, 'الفرقة الرابعة'),
(1513, 510, 'الفرقة الأولى'),
(1514, 510, 'الفرقة الثانية'),
(1515, 510, 'الفرقة الثالثة'),
(1516, 510, 'الفرقة الرابعة'),
(1517, 511, 'الفرقة الأولى'),
(1518, 511, 'الفرقة الثانية'),
(1519, 511, 'الفرقة الثالثة'),
(1520, 511, 'الفرقة الرابعة'),
(1521, 512, 'الفرقة الأولى'),
(1522, 512, 'الفرقة الثانية'),
(1523, 512, 'الفرقة الثالثة'),
(1524, 512, 'الفرقة الرابعة'),
(1525, 513, 'الفرقة الأولى'),
(1526, 513, 'الفرقة الثانية'),
(1527, 514, 'الفرقة الثالثة'),
(1528, 514, 'الفرقة الرابعة'),
(1529, 515, 'الفرقة الثالثة'),
(1530, 515, 'الفرقة الرابعة'),
(1531, 516, 'الفرقة الثالثة'),
(1532, 516, 'الفرقة الرابعة'),
(1533, 517, 'الفرقة الثالثة'),
(1534, 517, 'الفرقة الرابعة'),
(1535, 518, 'الفرقة الثالثة'),
(1536, 518, 'الفرقة الرابعة'),
(1537, 519, 'الفرقة الثالثة'),
(1538, 519, 'الفرقة الرابعة'),
(1539, 520, 'الفرقة الأولى'),
(1540, 520, 'الفرقة الثانية'),
(1541, 521, 'الفرقة الثالثة'),
(1542, 521, 'الفرقة الرابعة'),
(1543, 522, 'الفرقة الثالثة'),
(1544, 522, 'الفرقة الرابعة'),
(1545, 523, 'الفرقة الثالثة'),
(1546, 523, 'الفرقة الرابعة'),
(1547, 524, 'الفرقة الثالثة'),
(1548, 524, 'الفرقة الرابعة'),
(1549, 525, 'الفرقة الثالثة'),
(1550, 525, 'الفرقة الرابعة'),
(1551, 526, 'الفرقة الثالثة'),
(1552, 526, 'الفرقة الرابعة'),
(1553, 527, 'الفرقة الأولى'),
(1554, 527, 'الفرقة الثانية'),
(1555, 528, 'الفرقة الثالثة'),
(1556, 528, 'الفرقة الرابعة'),
(1557, 529, 'الفرقة الثالثة'),
(1558, 529, 'الفرقة الرابعة'),
(1559, 530, 'الفرقة الثالثة'),
(1560, 530, 'الفرقة الرابعة'),
(1561, 531, 'الفرقة الأولى'),
(1562, 532, 'الفرقة الثانية'),
(1563, 532, 'الفرقة الثالثة'),
(1564, 532, 'الفرقة الرابعة'),
(1565, 533, 'الفرقة الثانية'),
(1566, 533, 'الفرقة الثالثة'),
(1567, 533, 'الفرقة الرابعة'),
(1568, 534, 'الفرقة الثانية'),
(1569, 534, 'الفرقة الثالثة'),
(1570, 534, 'الفرقة الرابعة'),
(1571, 535, 'الفرقة الأولى'),
(1572, 535, 'الفرقة الثانية'),
(1573, 535, 'الفرقة الثالثة'),
(1574, 535, 'الفرقة الرابعة'),
(1575, 536, 'الفرقة الأولى'),
(1576, 536, 'الفرقة الثانية'),
(1577, 536, 'الفرقة الثالثة'),
(1578, 536, 'الفرقة الرابعة'),
(1579, 537, 'الفرقة الأولى'),
(1580, 537, 'الفرقة الثانية'),
(1581, 538, 'الفرقة الثالثة'),
(1582, 538, 'الفرقة الرابعة'),
(1583, 539, 'الفرقة الثالثة'),
(1584, 539, 'الفرقة الرابعة'),
(1585, 540, 'الفرقة الثالثة'),
(1586, 540, 'الفرقة الرابعة'),
(1587, 541, 'الفرقة الأولى'),
(1588, 541, 'الفرقة الثانية'),
(1589, 541, 'الفرقة الثالثة'),
(1590, 541, 'الفرقة الرابعة'),
(1591, 542, 'الفرقة الأولى'),
(1592, 542, 'الفرقة الثانية'),
(1593, 542, 'الفرقة الثالثة'),
(1594, 542, 'الفرقة الرابعة'),
(1595, 543, 'الفرقة الأولى'),
(1596, 543, 'الفرقة الثانية'),
(1597, 543, 'الفرقة الثالثة'),
(1598, 543, 'الفرقة الرابعة'),
(1599, 544, 'الفرقة الاولى'),
(1600, 545, 'الفرقة الثانية'),
(1601, 545, 'الفرقة الثالثة'),
(1602, 545, 'الفرقة الرابعة'),
(1603, 546, 'الفرقة الثانية'),
(1604, 546, 'الفرقة الثالثة'),
(1605, 546, 'الفرقة الرابعة'),
(1606, 547, 'الفرقة الثانية'),
(1607, 547, 'الفرقة الثالثة'),
(1608, 547, 'الفرقة الرابعة'),
(1609, 548, 'الفرقة الثانية'),
(1610, 548, 'الفرقة الثالثة'),
(1611, 548, 'الفرقة الرابعة'),
(1612, 549, 'الفرقة الثانية'),
(1613, 549, 'الفرقة الثالثة'),
(1614, 549, 'الفرقة الرابعة'),
(1615, 550, 'الفرقة الأولى'),
(1616, 550, 'الفرقة الثانية'),
(1617, 550, 'الفرقة الثالثة'),
(1618, 550, 'الفرقة الرابعة'),
(1619, 551, 'المستوى الاولى'),
(1620, 552, 'المستوى الثانى'),
(1621, 552, 'المستوى الثالث'),
(1622, 552, 'المستوى الرابع'),
(1623, 553, 'المستوى الثانى'),
(1624, 553, 'المستوى الثالث'),
(1625, 553, 'المستوى الرابع'),
(1626, 554, 'المستوى الثانى'),
(1627, 554, 'المستوى الثالث'),
(1628, 554, 'المستوى الرابع'),
(1629, 555, 'المستوى الثانى'),
(1630, 555, 'المستوى الثالث'),
(1631, 555, 'المستوى الرابع'),
(1632, 556, 'المستوى الثانى'),
(1633, 556, 'المستوى الثالث'),
(1634, 556, 'المستوى الرابع'),
(1635, 557, 'الفرقة الأولى'),
(1636, 557, 'الفرقة الثانية'),
(1637, 557, 'الفرقة الثالثة'),
(1638, 557, 'الفرقة الرابعة'),
(1639, 558, 'الفرقة الأولى'),
(1640, 558, 'الفرقة الثانية'),
(1641, 558, 'الفرقة الثالثة'),
(1642, 558, 'الفرقة الرابعة'),
(1643, 559, 'الفرقة الأولى'),
(1644, 559, 'الفرقة الثانية'),
(1645, 559, 'الفرقة الثالثة'),
(1646, 559, 'الفرقة الرابعة'),
(1647, 560, 'الفرقة الأولى'),
(1648, 560, 'الفرقة الثانية'),
(1649, 560, 'الفرقة الثالثة'),
(1650, 560, 'الفرقة الرابعة'),
(1651, 561, 'الفرقة الأولى'),
(1652, 561, 'الفرقة الثانية'),
(1653, 561, 'الفرقة الثالثة'),
(1654, 561, 'الفرقة الرابعة'),
(1655, 562, 'الفرقة الأولى'),
(1656, 562, 'الفرقة الثانية'),
(1657, 562, 'الفرقة الثالثة'),
(1658, 562, 'الفرقة الرابعة'),
(1659, 563, 'الفرقة الأولى'),
(1660, 563, 'الفرقة الثانية'),
(1661, 563, 'الفرقة الثالثة'),
(1662, 563, 'الفرقة الرابعة'),
(1663, 564, 'الفرقة الأولى'),
(1664, 564, 'الفرقة الثانية'),
(1665, 564, 'الفرقة الثالثة'),
(1666, 564, 'الفرقة الرابعة'),
(1667, 565, 'الفرقة الأولى'),
(1668, 565, 'الفرقة الثانية'),
(1669, 565, 'الفرقة الثالثة'),
(1670, 565, 'الفرقة الرابعة'),
(1671, 566, 'الفرقة الأولى'),
(1672, 566, 'الفرقة الثانية'),
(1673, 566, 'الفرقة الثالثة'),
(1674, 566, 'الفرقة الرابعة'),
(1675, 567, 'الفرقة الأولى'),
(1676, 567, 'الفرقة الثانية'),
(1677, 567, 'الفرقة الثالثة'),
(1678, 567, 'الفرقة الرابعة'),
(1679, 568, 'الفرقة الأولى'),
(1680, 568, 'الفرقة الثانية'),
(1681, 568, 'الفرقة الثالثة'),
(1682, 568, 'الفرقة الرابعة'),
(1683, 569, 'الفرقة الأولى'),
(1684, 569, 'الفرقة الثانية'),
(1685, 569, 'الفرقة الثالثة'),
(1686, 569, 'الفرقة الرابعة'),
(1687, 570, 'الفرقة الأولى'),
(1688, 570, 'الفرقة الثانية'),
(1689, 570, 'الفرقة الثالثة'),
(1690, 570, 'الفرقة الرابعة'),
(1691, 571, 'الفرقة الأولى'),
(1692, 571, 'الفرقة الثانية'),
(1693, 571, 'الفرقة الثالثة'),
(1694, 571, 'الفرقة الرابعة'),
(1695, 572, 'الفرقة الأولى'),
(1696, 572, 'الفرقة الثانية'),
(1697, 572, 'الفرقة الثالثة'),
(1698, 572, 'الفرقة الرابعة'),
(1699, 573, 'الفرقة الأولى'),
(1700, 573, 'الفرقة الثانية'),
(1701, 573, 'الفرقة الثالثة'),
(1702, 573, 'الفرقة الرابعة'),
(1703, 574, 'الفرقة الأولى'),
(1704, 574, 'الفرقة الثانية'),
(1705, 574, 'الفرقة الثالثة'),
(1706, 574, 'الفرقة الرابعة'),
(1707, 575, 'الفرقة الأولى'),
(1708, 575, 'الفرقة الثانية'),
(1709, 575, 'الفرقة الثالثة'),
(1710, 575, 'الفرقة الرابعة'),
(1711, 576, 'الفرقة الأولى'),
(1712, 576, 'الفرقة الثانية'),
(1713, 576, 'الفرقة الثالثة'),
(1714, 576, 'الفرقة الرابعة'),
(1715, 577, 'الفرقة الأولى'),
(1716, 577, 'الفرقة الثانية'),
(1717, 577, 'الفرقة الثالثة'),
(1718, 577, 'الفرقة الرابعة'),
(1719, 578, 'الفرقة الأولى'),
(1720, 578, 'الفرقة الثانية'),
(1721, 578, 'الفرقة الثالثة'),
(1722, 578, 'الفرقة الرابعة'),
(1723, 579, 'الفرقة الأولى'),
(1724, 579, 'الفرقة الثانية'),
(1725, 580, 'الفرقة الثالثة'),
(1726, 580, 'الفرقة الرابعة'),
(1727, 581, 'الفرقة الثالثة'),
(1728, 581, 'الفرقة الرابعة'),
(1729, 582, 'الفرقة الأولى'),
(1730, 582, 'الفرقة الثانية'),
(1731, 582, 'الفرقة الثالثة'),
(1732, 582, 'الفرقة الرابعة'),
(1733, 583, 'الفرقة الأولى'),
(1734, 583, 'الفرقة الثانية'),
(1735, 583, 'الفرقة الثالثة'),
(1736, 583, 'الفرقة الرابعة'),
(1737, 584, 'الفرقة الأولى'),
(1738, 584, 'الفرقة الثانية'),
(1739, 584, 'الفرقة الثالثة'),
(1740, 584, 'الفرقة الرابعة'),
(1741, 585, 'الفرقة الأولى'),
(1742, 585, 'الفرقة الثانية'),
(1743, 585, 'الفرقة الثالثة'),
(1744, 585, 'الفرقة الرابعة'),
(1745, 586, 'الفرقة الأولى'),
(1746, 586, 'الفرقة الثانية'),
(1747, 586, 'الفرقة الثالثة'),
(1748, 586, 'الفرقة الرابعة'),
(1749, 587, 'الفرقة الأولى'),
(1750, 587, 'الفرقة الثانية'),
(1751, 587, 'الفرقة الثالثة'),
(1752, 587, 'الفرقة الرابعة'),
(1753, 588, 'الفرقة الأولى'),
(1754, 588, 'الفرقة الثانية'),
(1755, 588, 'الفرقة الثالثة'),
(1756, 588, 'الفرقة الرابعة'),
(1757, 589, 'الفرقة الأولى'),
(1758, 589, 'الفرقة الثانية'),
(1759, 589, 'الفرقة الثالثة'),
(1760, 589, 'الفرقة الرابعة'),
(1761, 590, 'الفرقة الأولى'),
(1762, 590, 'الفرقة الثانية'),
(1763, 590, 'الفرقة الثالثة'),
(1764, 590, 'الفرقة الرابعة'),
(1765, 591, 'الفرقة الأولى'),
(1766, 591, 'الفرقة الثانية'),
(1767, 591, 'الفرقة الثالثة'),
(1768, 591, 'الفرقة الرابعة'),
(1769, 592, 'الفرقة الأولى'),
(1770, 592, 'الفرقة الثانية'),
(1771, 592, 'الفرقة الثالثة'),
(1772, 592, 'الفرقة الرابعة'),
(1773, 593, 'الفرقة الأولى'),
(1774, 593, 'الفرقة الثانية'),
(1775, 593, 'الفرقة الثالثة'),
(1776, 593, 'الفرقة الرابعة'),
(1777, 594, 'الفرقة الأولى'),
(1778, 594, 'الفرقة الثانية'),
(1779, 594, 'الفرقة الثالثة'),
(1780, 594, 'الفرقة الرابعة'),
(1781, 595, 'الفرقة الأولى'),
(1782, 595, 'الفرقة الثانية'),
(1783, 595, 'الفرقة الثالثة'),
(1784, 595, 'الفرقة الرابعة'),
(1785, 596, 'الفرقة الأولى'),
(1786, 596, 'الفرقة الثانية'),
(1787, 596, 'الفرقة الثالثة'),
(1788, 596, 'الفرقة الرابعة'),
(1789, 597, 'الفرقة الأولى'),
(1790, 597, 'الفرقة الثانية'),
(1791, 597, 'الفرقة الثالثة'),
(1792, 597, 'الفرقة الرابعة'),
(1793, 598, 'الفرقة الأولى'),
(1794, 598, 'الفرقة الثانية'),
(1795, 598, 'الفرقة الثالثة'),
(1796, 598, 'الفرقة الرابعة'),
(1797, 599, 'الفرقة الأولى'),
(1798, 599, 'الفرقة الثانية'),
(1799, 599, 'الفرقة الثالثة'),
(1800, 599, 'الفرقة الرابعة'),
(1801, 600, 'الفرقة الأولى'),
(1802, 600, 'الفرقة الثانية'),
(1803, 600, 'الفرقة الثالثة'),
(1804, 600, 'الفرقة الرابعة'),
(1805, 601, 'الفرقة الأولى'),
(1806, 601, 'الفرقة الثانية'),
(1807, 601, 'الفرقة الثالثة'),
(1808, 601, 'الفرقة الرابعة'),
(1809, 602, 'الفرقة الأولى'),
(1810, 602, 'الفرقة الثانية'),
(1811, 602, 'الفرقة الثالثة'),
(1812, 602, 'الفرقة الرابعة'),
(1813, 603, 'الفرقة الأولى'),
(1814, 603, 'الفرقة الثانية'),
(1815, 603, 'الفرقة الثالثة'),
(1816, 603, 'الفرقة الرابعة'),
(1817, 604, 'الفرقة الأولى'),
(1818, 604, 'الفرقة الثانية'),
(1819, 604, 'الفرقة الثالثة'),
(1820, 604, 'الفرقة الرابعة'),
(1821, 605, 'الفرقة الأولى'),
(1822, 605, 'الفرقة الثانية'),
(1823, 605, 'الفرقة الثالثة'),
(1824, 605, 'الفرقة الرابعة'),
(1825, 606, 'الفرقة الأولى'),
(1826, 606, 'الفرقة الثانية'),
(1827, 606, 'الفرقة الثالثة'),
(1828, 606, 'الفرقة الرابعة'),
(1829, 607, 'الفرقة التحضيرية'),
(1830, 607, 'الفرقة الأولى'),
(1831, 607, 'الفرقة الثانية'),
(1832, 607, 'الفرقة الثالثة'),
(1833, 607, 'الفرقة الرابعة'),
(1834, 608, 'الفرقة الأولى'),
(1835, 608, 'الفرقة الثانية'),
(1836, 609, 'الفرقة الثالثة'),
(1837, 609, 'الفرقة الرابعة'),
(1838, 610, 'الفرقة الثالثة'),
(1839, 610, 'الفرقة الرابعة'),
(1840, 611, 'الفرقة الثالثة'),
(1841, 611, 'الفرقة الرابعة'),
(1842, 612, 'الفرقة الثالثة'),
(1843, 612, 'الفرقة الرابعة'),
(1844, 613, 'الفرقة الثالثة'),
(1845, 613, 'الفرقة الرابعة'),
(1846, 614, 'الفرقة الثالثة'),
(1847, 614, 'الفرقة الرابعة'),
(1848, 615, 'الفرقة الثالثة'),
(1849, 615, 'الفرقة الرابعة'),
(1850, 616, 'الفرقة الأولى'),
(1851, 616, 'الفرقة الثانية'),
(1852, 617, 'الفرقة الثالثة'),
(1853, 617, 'الفرقة الرابعة'),
(1854, 618, 'الفرقة الثالثة'),
(1855, 618, 'الفرقة الرابعة'),
(1856, 619, 'الفرقة الثالثة'),
(1857, 619, 'الفرقة الرابعة'),
(1858, 620, 'الفرقة الثالثة'),
(1859, 620, 'الفرقة الرابعة'),
(1860, 621, 'الفرقة الثالثة'),
(1861, 621, 'الفرقة الرابعة'),
(1862, 622, 'الفرقة الأولى'),
(1863, 622, 'الفرقة الثانية'),
(1864, 623, 'الفرقة الثالثة'),
(1865, 623, 'الفرقة الرابعة'),
(1866, 624, 'الفرقة الثالثة'),
(1867, 624, 'الفرقة الرابعة'),
(1868, 625, 'الفرقة الثالثة'),
(1869, 625, 'الفرقة الرابعة'),
(1870, 626, 'الفرقة الثالثة'),
(1871, 626, 'الفرقة الرابعة'),
(1872, 627, 'الفرقة الثالثة'),
(1873, 627, 'الفرقة الرابعة'),
(1874, 628, 'الفرقة الثالثة'),
(1875, 628, 'الفرقة الرابعة'),
(1876, 629, 'الفرقة الأولى'),
(1877, 629, 'الفرقة الثانية'),
(1878, 630, 'الفرقة الثالثة'),
(1879, 630, 'الفرقة الرابعة'),
(1880, 631, 'الفرقة الثالثة'),
(1881, 631, 'الفرقة الرابعة'),
(1882, 632, 'الفرقة الثالثة'),
(1883, 632, 'الفرقة الرابعة'),
(1884, 633, 'الفرقة الثالثة'),
(1885, 633, 'الفرقة الرابعة'),
(1886, 634, 'الفرقة الثالثة'),
(1887, 634, 'الفرقة الرابعة'),
(1888, 635, 'المستوى الأول'),
(1889, 635, 'المستوى الثانى'),
(1890, 635, 'المستوى الثالث'),
(1891, 635, 'المستوى الرابع'),
(1892, 636, 'المستوى الأول'),
(1893, 636, 'المستوى الثانى'),
(1894, 636, 'المستوى الثالث'),
(1895, 636, 'المستوى الرابع'),
(1896, 637, 'الفرقة الأولى'),
(1897, 637, 'الفرقة الثانية'),
(1898, 638, 'الفرقة الأولى'),
(1899, 638, 'الفرقة الثانية'),
(1900, 638, 'الفرقة الثالثة'),
(1901, 639, 'الفرقة الأولى'),
(1902, 639, 'الفرقة الثانية'),
(1903, 640, 'الفرقة الثالثة'),
(1904, 640, 'الفرقة الرابعة'),
(1905, 641, 'الفرقة الثالثة'),
(1906, 641, 'الفرقة الرابعة'),
(1907, 642, 'الفرقة الثالثة'),
(1908, 642, 'الفرقة الرابعة'),
(1909, 643, 'الفرقة الثالثة'),
(1910, 643, 'الفرقة الرابعة'),
(1911, 644, 'الفرقة الثالثة'),
(1912, 644, 'الفرقة الرابعة'),
(1913, 645, 'الفرقة الثالثة'),
(1914, 645, 'الفرقة الرابعة'),
(1915, 646, 'الفرقة الثالثة'),
(1916, 646, 'الفرقة الرابعة'),
(1917, 647, 'الفرقة الثالثة'),
(1918, 647, 'الفرقة الرابعة'),
(1919, 648, 'الفرقة الثالثة'),
(1920, 648, 'الفرقة الرابعة'),
(1921, 649, 'الفرقة الثالثة'),
(1922, 649, 'الفرقة الرابعة'),
(1923, 650, 'الفرقة الثالثة'),
(1924, 650, 'الفرقة الرابعة'),
(1925, 651, 'الفرقة الأولى'),
(1926, 651, 'الفرقة الثانية'),
(1927, 651, 'الفرقة الثالثة'),
(1928, 652, 'الفرقة الرابعة'),
(1929, 653, 'الفرقة الرابعة'),
(1930, 654, 'الفرقة الرابعة');

-- --------------------------------------------------------

--
-- Table structure for table `logs`
--

CREATE TABLE `logs` (
  `id` int(11) NOT NULL,
  `adminId` int(11) NOT NULL,
  `adminName` varchar(200) NOT NULL,
  `adminUsername` varchar(200) NOT NULL,
  `action` varchar(300) NOT NULL,
  `objectId` varchar(100) NOT NULL,
  `objectName` varchar(200) NOT NULL,
  `dateTime` datetime NOT NULL
) ENGINE=InnoDB DEFAULT CHARSET=utf8mb4;

--
-- Dumping data for table `logs`
--

INSERT INTO `logs` (`id`, `adminId`, `adminName`, `adminUsername`, `action`, `objectId`, `objectName`, `dateTime`) VALUES
(50, 1, 'omar', 'omar1', 'اضافه مبني جديد بأسم \"2231\" لمدينه \"town 1\"', '29', '2231', '2024-02-21 17:05:15'),
(51, 1, 'omar', 'omar1', ' ازاله مبني بأسم \"2231\" من مدينه \"town 1\"', '29', '2231', '2024-02-21 17:05:16'),
(52, 1, 'omar', 'omar1', 'اضافه دور برقم \"4\" لمبني \"building 1\" في مدينه \"town 1\"', '24', '4', '2024-02-21 17:05:38'),
(53, 1, 'omar', 'omar1', 'ازاله دور برقم \"4\" من مبني \"building 1\" في مدينه \"town 1\"', '24', '4', '2024-02-21 17:05:38'),
(54, 1, 'omar', 'omar1', 'اضافه موظف جديد بالاسم omar', '3', 'omar', '2024-03-03 11:50:54'),
(55, 1, 'omar', 'omar1', 'اضافه رسوم للطالب testname و الرقم القومي 12345 بقيمه 132', '12345', 'testname', '2024-03-11 00:05:02'),
(56, 1, 'omar', 'omar1', 'اضافه رسوم للطالب testname و الرقم القومي 12345 بقيمه hk', '12345', 'testname', '2024-03-11 00:05:36'),
(57, 1, 'omar', 'omar1', 'رفض طلب الطالب ersfdgsdfgs و الرقم القومى 112222', '112222', 'ersfdgsdfgs', '2024-03-19 23:13:23'),
(58, 1, 'omar', 'omar1', 'قبول طلب الطالب dfgfgdfg و الرقم القومى 1234566', '1234566', 'dfgfgdfg', '2024-03-19 23:13:44'),
(59, 1, 'omar', 'omar1', 'قبول طلب الطالب gesdgsgdfsddf و الرقم القومى 111', '111', 'gesdgsgdfsddf', '2024-03-19 23:17:23'),
(60, 1, 'omar', 'omar1', 'رفض طلب الطالب esfgdsdgfs و الرقم القومى 444444', '444444', 'esfgdsdgfs', '2024-03-19 23:17:26'),
(61, 1, 'omar', 'omar1', 'رفض طلب الطالب testname و الرقم القومى 12345', '12345', 'testname', '2024-03-19 23:17:29'),
(62, 1, 'omar', 'omar1', 'قبول طلب الطالب fdsdfsdfs و الرقم القومى 435434535', '435434535', 'fdsdfsdfs', '2024-03-19 23:17:34'),
(63, 1, 'omar', 'omar1', 'رفض طلب الطالب sdfasdfasdfasf و الرقم القومى asdfasdfa', 'asdfasdfa', 'sdfasdfasdfasf', '2024-03-19 23:17:44'),
(64, 1, 'omar', 'omar1', 'تسكين الطالب gesdgsgdfsddf و الرقم القومي 111', '111', 'gesdgsgdfsddf', '2024-03-24 06:41:08'),
(65, 1, 'omar', 'omar1', 'اضافه وجبه محجوبه للطالب gesdgsgdfsddf و الرقم القومي 111', '111', 'gesdgsgdfsddf', '2024-03-24 06:48:21'),
(66, 1, 'omar', 'omar1', 'قبول طلب الطالب testname و الرقم القومى 12345', '12345', 'testname', '2024-03-26 19:55:30'),
(67, 1, 'omar', 'omar1', 'تم تعديل بيانات الطالب omar22a و الرقم القومى 123', '123', 'omar22a', '2024-03-27 14:15:45'),
(68, 1, 'omar', 'omar1', 'تم تعديل بيانات الطالب omar22a و الرقم القومى 123ad', '123ad', 'omar22a', '2024-03-27 14:29:10'),
(69, 1, 'omar', 'omar1', 'تم تعديل بيانات الطالب omar22a و الرقم القومى 123ad1', '123ad1', 'omar22a', '2024-03-27 14:32:26'),
(70, 1, 'omar', 'omar1', 'تم تعديل بيانات الطالب omar22a و الرقم القومى 123ad1a', '123ad1a', 'omar22a', '2024-03-27 14:36:54'),
(71, 1, 'omar', 'omar1', 'تم تعديل بيانات الطالب omar22a و الرقم القومى 123ad1aa', '123ad1aa', 'omar22a', '2024-03-27 14:41:08'),
(72, 1, 'omar', 'omar1', 'تم تعديل بيانات الطالب gesdgsgdfsddf و الرقم القومى 111', '111', 'gesdgsgdfsddf', '2024-03-27 14:41:13'),
(73, 1, 'omar', 'omar1', 'تم تعديل بيانات الطالب omar22a و الرقم القومى 123ad1aa', '123ad1aa', 'omar22a', '2024-03-27 14:45:49'),
(74, 1, 'omar', 'omar1', 'تم تعديل بيانات الطالب omar22a و الرقم القومى 123ad1', '123ad1', 'omar22a', '2024-03-27 14:52:53'),
(75, 1, 'omar', 'omar1', 'تم تعديل بيانات الطالب omar22a و الرقم القومى 12346', '12346', 'omar22a', '2024-03-27 14:54:23'),
(76, 1, 'omar', 'omar1', 'تم تعديل بيانات الطالب omar22a و الرقم القومى 123466', '123466', 'omar22a', '2024-03-27 15:41:39'),
(77, 1, 'omar', 'omar1', 'تم تعديل بيانات الطالب omar22a و الرقم القومى 123', '123', 'omar22a', '2024-03-27 15:42:14'),
(78, 1, 'omar', 'omar1', 'تم تعديل بيانات الطالب omar22a و الرقم القومى 123777', '123777', 'omar22a', '2024-03-27 16:06:12'),
(79, 1, 'omar', 'omar1', 'تم تعديل بيانات الطالب omar22a و الرقم القومى 12377', '12377', 'omar22a', '2024-03-27 16:07:49'),
(80, 1, 'omar', 'omar1', 'تم تعديل بيانات الطالب omar22a و الرقم القومى 1237789', '1237789', 'omar22a', '2024-03-27 16:08:14'),
(81, 1, 'omar', 'omar1', ' اضافه تصريح للطالب بسبب من تاريخ 2024-02-14 الى تاريخ 2024-03-27 للسبب 4456  omar22a و الرقم القومي 1237789 ', '1237789', 'omar22a', '2024-03-30 20:55:20'),
(82, 1, 'omar', 'omar1', '  اضافه تصريح من 2024-03-02 الى 2024-03-13 للسبب asdad', '1237789', 'omar22a', '2024-03-30 21:00:16'),
(83, 1, 'omar', 'omar1', 'ازاله تصريح للطالب بسبب من تاريخ undefined الى تاريخ undefined للسبب undefined  omar22a و الرقم القومي 1237789', '1237789', 'omar22a', '2024-03-30 21:01:20'),
(84, 1, 'omar', 'omar1', 'ازاله تصريح للطالب بسبب من تاريخ undefined الى تاريخ undefined للسبب undefined  omar22a و الرقم القومي 1237789', '1237789', 'omar22a', '2024-03-30 21:01:20'),
(85, 1, 'omar', 'omar1', '  اضافه تصريح من 2024-03-06 الى 2024-03-06 للسبب asdadfg', '1237789', 'omar22a', '2024-03-30 21:01:25'),
(86, 1, 'omar', 'omar1', '  اضافه تصريح من 2024-03-14 الى 2024-03-07 للسبب sfds', '1237789', 'omar22a', '2024-03-30 21:02:18'),
(87, 1, 'omar', 'omar1', '  اضافه تصريح من 2024-03-01 الى 2024-03-21 للسبب xddfgs', '1237789', 'omar22a', '2024-03-30 21:02:26'),
(88, 1, 'omar', 'omar1', 'اضافه جزاء جديد للطالب omar22a و الرقم القومي 1237789', '1237789', 'omar22a', '2024-03-30 21:49:49'),
(89, 1, 'omar', 'omar1', 'اضافه غرفه جديده برقم \"345 \"', '55', '345', '2024-03-31 07:45:19'),
(90, 1, 'omar', 'omar1', 'اضافه سرير جديد برقم \"3453 \"', '89', '3453', '2024-03-31 07:45:21'),
(91, 1, 'omar', 'omar1', 'اضافه سرير جديد برقم \"33 \"', '90', '33', '2024-03-31 07:45:22'),
(92, 1, 'omar', 'omar1', 'اضافه سرير جديد برقم \"55 \"', '91', '55', '2024-03-31 07:45:23'),
(93, 1, 'omar', 'omar1', 'اضافه سرير جديد برقم \"657 \"', '92', '657', '2024-03-31 07:45:25'),
(94, 1, 'omar', 'omar1', 'ازاله سرير \"92\"', '92', '92', '2024-03-31 07:45:27'),
(95, 1, 'omar', 'omar1', 'ازاله سرير \"91\"', '91', '91', '2024-03-31 07:45:27'),
(96, 1, 'omar', 'omar1', 'اضافه سرير جديد برقم \"6567 \"', '93', '6567', '2024-03-31 07:45:33'),
(97, 1, 'omar', 'omar1', 'اضافه سرير جديد برقم \"5567 \"', '94', '5567', '2024-03-31 07:45:34'),
(98, 1, 'omar', 'omar1', 'اضافه غرفه جديده برقم \"778 \"', '56', '778', '2024-03-31 07:46:02'),
(99, 1, 'omar', 'omar1', 'ازاله غرفه \"56\"', '56', '56', '2024-03-31 07:46:04'),
(100, 1, 'omar', 'omar1', 'اضافه غرفه جديده برقم \"778 \"', '57', '778', '2024-03-31 07:46:08'),
(101, 1, 'omar', 'omar1', 'اضافه سرير جديد برقم \"7 \"', '95', '7', '2024-03-31 07:46:12'),
(102, 1, 'omar', 'omar1', 'اضافه سرير جديد برقم \"778 \"', '96', '778', '2024-03-31 07:46:13'),
(103, 1, 'omar', 'omar1', 'بدأ تنسيق الطلاب', 'فارغ', 'فارغ', '2024-03-31 08:09:22'),
(104, 1, 'omar', 'omar1', 'تم رفع صور الطلاب', 'فارغ', 'فارغ', '2024-04-01 13:03:10'),
(105, 1, 'omar', 'omar1', 'تم رفع صور الطلاب', 'فارغ', 'فارغ', '2024-04-01 13:04:15'),
(106, 1, 'omar', 'omar1', 'تم رفع صور الطلاب', 'فارغ', 'فارغ', '2024-04-01 13:13:18'),
(107, 1, 'omar', 'omar1', 'تم رفع صور الطلاب', 'فارغ', 'فارغ', '2024-04-01 13:14:27');

-- --------------------------------------------------------

--
-- Table structure for table `penalties`
--

CREATE TABLE `penalties` (
  `id` int(11) NOT NULL,
  `reason` varchar(200) DEFAULT NULL,
  `date` date DEFAULT NULL,
  `studentId` int(11) DEFAULT NULL
) ENGINE=InnoDB DEFAULT CHARSET=utf8mb4;

--
-- Dumping data for table `penalties`
--

INSERT INTO `penalties` (`id`, `reason`, `date`, `studentId`) VALUES
(1, 'dasda', '2023-12-13', 3),
(2, 'penalty 27897', '2023-12-14', 3),
(3, 'sdadsa', '2023-12-05', 3),
(4, 'naughty', '2023-11-30', 1),
(5, 'mamta7ansh', '2023-11-16', 1),
(6, 'sdasda', '2024-03-06', 1);

-- --------------------------------------------------------

--
-- Table structure for table `programs`
--

CREATE TABLE `programs` (
  `id` int(11) NOT NULL,
  `departmentId` int(11) NOT NULL,
  `name` varchar(200) NOT NULL
) ENGINE=InnoDB DEFAULT CHARSET=utf8mb4;

--
-- Dumping data for table `programs`
--

INSERT INTO `programs` (`id`, `departmentId`, `name`) VALUES
(328, 125, 'الفرقة الإعدادية'),
(329, 126, 'هندسة الحاسبات والنظم'),
(330, 127, 'هندسة الأتصالات والألكترونيات'),
(331, 128, 'هندسة الإلكترونيات والاتصالات والحاسبات'),
(332, 128, 'هندسة الالكترونيات والاتصالات الكهربائية'),
(333, 128, 'هندسة الحاسبات والبرمجيات'),
(334, 129, 'الهندسة الحيوية الطبية'),
(335, 130, 'هندسة القوى والألات الكهربية'),
(336, 131, 'الهندسة الميكانيكية'),
(337, 131, 'هندسة الإنتاج'),
(338, 131, 'الهندسة الصناعية'),
(339, 131, 'هندسة الميكاترونيات'),
(340, 132, 'الهندسة الميكانيكية'),
(341, 132, 'هندسة إنتاج'),
(342, 132, 'الهندسة الصناعية'),
(343, 132, 'هندسة الميكاترونيات'),
(344, 133, 'هندسة الإتصالات والمعلومات'),
(345, 134, 'هندسة القوى والوقاية الكهربية'),
(346, 135, 'الفرقة الإعدادية'),
(347, 136, 'الهندسة المدنية'),
(348, 137, 'التصميم الميكانيكى'),
(349, 138, 'هندسة السيارات والجرارات'),
(350, 139, 'هندسة القوى الميكانيكية'),
(351, 140, 'الهندسة المعمارية'),
(352, 141, 'ھندسة الطاقة'),
(353, 142, 'العمارة بالتكنولوجیا الرقمیة'),
(354, 143, 'هندسة إدارة المشروعات والتشیید المستدام'),
(355, 144, 'ھندسة المیكاترونیات بالسیارات'),
(356, 145, 'البرنامج العام'),
(357, 145, 'نظم المعلومات'),
(358, 145, 'علوم الحاسب'),
(359, 145, 'تكنولوجيا المعلومات'),
(360, 146, 'هندسه البرمجيات'),
(361, 147, 'معلوماتيه طبيه'),
(362, 148, 'المرحله الاولى'),
(363, 148, 'المرحله الثانيه'),
(364, 149, 'البرنامج العام (لائحة قديمة)'),
(365, 150, 'بكالوريوس الصيدلة (فارم دى)'),
(366, 151, 'بكالوريوس الصيدلة (فارم د اكلينيكية)'),
(367, 152, 'شعبه عامه'),
(368, 152, 'التثقيف بالفن'),
(369, 152, 'التربية الفنية'),
(370, 153, 'تكنولوجيا الالكترونيات'),
(371, 154, 'تكنولوجيا الانتاج'),
(372, 155, 'تكنولوجيا التبريد والتكييف'),
(373, 156, 'تكنولوجيا السيارات والجرارات'),
(374, 157, 'تكنولوجيا الكهرباء'),
(375, 158, 'البرنامج العام عربى انتظام'),
(376, 159, 'البرنامج العام عربى انتساب'),
(377, 160, 'البرنامج العام لغات انتظام'),
(378, 161, 'البرنامج العام لغات انتساب'),
(379, 162, 'برنامج البكالويوس في علوم التمريض (لائحة جديده)'),
(380, 163, 'برنامج البكالويوس في علوم التمريض (لائحه قديمه)'),
(381, 164, 'برنامج البكالوريوس المكثف'),
(382, 165, 'البرنامج التخصصى'),
(383, 166, 'الشعبه العامه الفنون'),
(384, 166, 'الجرافيك'),
(385, 166, 'الجرافيك - الرسوم المطبوعة'),
(386, 166, 'الجرافيك - الرسوم المتحركة وفن الكتاب'),
(387, 166, 'التصوير'),
(388, 166, 'التصوير - التصوير'),
(389, 166, 'التصوير - دارى'),
(390, 166, 'النحت'),
(391, 166, 'النحت - العرائس و الأقنعة'),
(392, 166, 'النحت - الميدالية والنحت البارز'),
(393, 166, 'النحت - النحت الميداني والفراغي'),
(394, 167, 'الديكور'),
(395, 167, 'الفنون التعبيرية'),
(396, 167, 'العمارة الداخلية'),
(397, 168, 'العمارة'),
(398, 169, 'الشعبه العامه الفنون'),
(399, 169, 'الجرافيك - برنامج فنون الجرافيك والطباعة'),
(400, 169, 'الجرافيك - برنامج فنون الكتاب والوسائط المتعددة'),
(401, 169, 'الجرافيك - برنامج فنون التحريك'),
(402, 169, 'التصوير - برنامج التصوير'),
(403, 169, 'التصوير - برنامج التصوير الجدارى'),
(404, 169, 'النحت - برنامج النحت الميداني'),
(405, 169, 'النحت - برنامج النحت الجدارى'),
(406, 169, 'النحت - برنامج العرائس والأقنعة'),
(407, 170, 'الديكور'),
(408, 170, 'برنامج العمارة الداخلية'),
(409, 170, 'برنامج السينوجرافيا'),
(410, 171, 'العمارة'),
(411, 172, 'العمارة'),
(412, 173, 'مجموعة العلوم الطبيعية'),
(413, 173, 'الرياضيات'),
(414, 173, 'الرياضيات وعلوم الحاسب'),
(415, 173, 'الاحصاء وعلوم الحاسب'),
(416, 173, 'الفيزياء'),
(417, 173, 'الفيزياء الحيوية الطبية'),
(418, 173, 'علوم الفضاء'),
(419, 173, 'الكيمياء'),
(420, 173, 'الكيمياء التطبيقية'),
(421, 174, 'مجموعة العلوم البيولوجية'),
(422, 174, 'الكيمياء الحيوية'),
(423, 174, 'النبات'),
(424, 174, 'النبات والكيمياء'),
(425, 174, 'الميكروبيولوجى'),
(426, 174, 'الميكروبيولوجى والكيمياء الحيوية'),
(427, 174, 'علم الحيوان'),
(428, 174, 'علم الحيوان والكيمياء'),
(429, 175, 'التكنولوجيا الحيوية الجزيئية'),
(430, 176, 'مجموعة علوم الارض'),
(431, 176, 'الجيولوجيا'),
(432, 176, 'الجيوفيزياء'),
(433, 176, 'الجيولوجيا -الكيمياء'),
(434, 177, 'مجموعة العلوم الفيزيائية'),
(435, 177, 'الرياضيات والفيزياء والفلك'),
(436, 177, 'الرياضيات والفيزياء والفلك - الرياضيات'),
(437, 177, 'الرياضيات والفيزياء والفلك - الرياضيات والفيزياء'),
(438, 177, 'الرياضيات والفيزياء والفلك - الاحصاء وعلوم الحاسب'),
(439, 177, 'الرياضيات والفيزياء والفلك - الرياضيات وعلوم الحاسب'),
(440, 177, 'الرياضيات والفيزياء والفلك - الفيزياء وعلوم الحاسب'),
(441, 177, 'الرياضيات والفيزياء والفلك - الفيزياء'),
(442, 177, 'الرياضيات والفيزياء والفلك - علوم الفضاء'),
(443, 177, 'الفيزياء الحيوية الطبية'),
(444, 177, 'الفيزياء والكيمياء'),
(445, 177, 'الفيزياء والكيمياء - الكيمياء'),
(446, 177, 'الفيزياء والكيمياء - الكيمياء والكيمياء التطبيقية'),
(447, 177, 'الفيزياء والكيمياء - الكيمياء وكيمياء البيئة'),
(448, 178, 'مجموعة العلوم البيولوجية'),
(449, 178, 'البيولوجيا'),
(450, 178, 'البيولوجيا - الكيمياء والكيمياء الحيوية'),
(451, 178, 'البيولوجيا - الكيمياء والنبات'),
(452, 178, 'البيولوجيا - الكيمياء وعلم الحيوان'),
(453, 178, 'البيولوجيا - النبات'),
(454, 178, 'البيولوجيا - علم الحيوان'),
(455, 178, 'البيولوجيا - الميكروبيولوجيا'),
(456, 178, 'البيولوجيا - ميكروبيولوجي وكيمياء حيوية'),
(457, 179, 'مجموعة علوم الارض'),
(458, 179, 'الجيولوجيا'),
(459, 179, 'الجيولوجيا - الكيمياء والجيولوجيا'),
(460, 179, 'الجيولوجيا - الجيولوجيا'),
(461, 179, 'الجيوفيزياء'),
(462, 180, 'برنامج البيوتكنولوجي'),
(463, 181, 'الشعبه العامه'),
(464, 181, 'تصميم الاثاث والانشاءات المعدنية'),
(465, 181, 'الإعلان'),
(466, 181, 'التصميم الداخلى والاثاث'),
(467, 181, 'التصميم الصناعي'),
(468, 181, 'الخزف'),
(469, 181, 'الزجاج'),
(470, 181, 'الزخرفة'),
(471, 181, 'الطباعة والنشر والتغليف'),
(472, 181, 'الغزل والنسيج'),
(473, 181, 'الفوتوغرافيا والسينما والتليفزيون'),
(474, 181, 'الملابس الجاهزة'),
(475, 181, 'المنتجات المعدنيه والحلي'),
(476, 181, 'النحت والتشكيل المعماري'),
(477, 181, 'طباعة المنسوجات والصباغة والتجهيز'),
(478, 182, 'برنامج علوم تصميم الاثاث'),
(479, 183, 'برنامج تصميم الاعلان الرقمي'),
(480, 184, 'برنامج الموضة وطباعة المنسوجات'),
(481, 185, 'برنامج طباعة الوسائط'),
(482, 186, 'برنامج علوم التغليف'),
(483, 187, 'اللغة العربية وآدابها - انتظام'),
(484, 188, 'اللغة العربية وآدابها - انتساب'),
(485, 189, 'اللغة الإنجليزية وآدابها'),
(486, 189, 'شعبة أدب'),
(487, 189, 'شعبة لغة وترجمة'),
(488, 190, 'اللغةالفرنسيةوآدابها- انتظام'),
(489, 191, 'اللغةالفرنسيةوآدابها- انتساب'),
(490, 192, 'اللغةالألمانيةوآدابها'),
(491, 193, 'اللغة الإيطالية وآدابها'),
(492, 194, 'اللغة الاسبانية وآدابها'),
(493, 195, 'اللغة الصينية وآدابها'),
(494, 196, 'اللغة العبرية وآدابها'),
(495, 197, 'اللغات الشرقيةوآدابها'),
(496, 197, 'شعبة اللغة التركية'),
(497, 197, 'شعبة اللغة الفارسية'),
(498, 198, 'التاريخ- انتظام'),
(499, 199, 'التاريخ- انتساب'),
(500, 200, 'الجغرافيا ونظم المعلومات الجغرافيه-انتظام'),
(501, 200, 'شعبة عامة-انتظام'),
(502, 200, 'شعبة عامة-انتساب'),
(503, 200, 'شعبة خرائط ومساحة-انتظام'),
(504, 200, 'شعبة بيئة-انتظام'),
(505, 201, 'الجغرافيا ونظم المعلومات الجغرافيه-انتساب'),
(506, 201, 'شعبة عامة-انتظام'),
(507, 201, 'شعبة عامة-انتساب'),
(508, 201, 'شعبة خرائط ومساحة-انتظام'),
(509, 201, 'شعبة بيئة-انتظام'),
(510, 202, 'الفلسفة- انتظام'),
(511, 203, 'الفلسفة- انتساب'),
(512, 204, 'علم النفس'),
(513, 205, 'الاجتماع - انتظام'),
(514, 205, 'شعبةعامة - انتظام'),
(515, 205, 'شعبةعامة- انتساب'),
(516, 205, 'شعبةأنثربولوجي- انتظام'),
(517, 205, 'شعبةأنثربولوجي- انتساب'),
(518, 205, 'شعبة سكان وتنظيم الاسرة- انتظام'),
(519, 205, 'شعبة سكان وتنظيم الاسرة- انتساب'),
(520, 206, 'الاجتماع - انتساب'),
(521, 206, 'شعبةعامة - انتظام'),
(522, 206, 'شعبةعامة- انتساب'),
(523, 206, 'شعبةأنثربولوجي- انتظام'),
(524, 206, 'شعبةأنثربولوجي- انتساب'),
(525, 206, 'شعبة سكان وتنظيم الاسرة- انتظام'),
(526, 206, 'شعبة سكان وتنظيم الاسرة- انتساب'),
(527, 207, 'الإعلام'),
(528, 207, 'شعبةصحافة'),
(529, 207, 'شعبةعلاقات عامةواعلان'),
(530, 207, 'شعبةاذاعةوتليفزيون'),
(531, 208, 'الآثار والحضارة'),
(532, 208, 'شعبة الآثار المصرية'),
(533, 208, 'شعبة الآثار الاسلامية'),
(534, 208, 'شعبة الآثار البطلمية واليونانية'),
(535, 209, 'المكتبات والمعلومات- انتظام'),
(536, 210, 'المكتبات والمعلومات- انتساب'),
(537, 211, 'علوم المسرح'),
(538, 211, 'شعبة الديكور والازياء'),
(539, 211, 'شعبة تمثيل واخراج'),
(540, 211, 'شعبة نقد ودراما'),
(541, 212, 'برنامج الترجمة الفورية والتحريرية'),
(542, 213, 'برنامج اللغة الفرنسية والترجمة'),
(543, 214, 'برنامج الجوماتكس ونظم المعلومات الجغرافية'),
(544, 215, 'البرنامج العام'),
(545, 215, 'التغذيه وعلوم الاطعمة'),
(546, 215, 'الملابس والنسيج'),
(547, 215, 'إدارة موسسات الاسرة والطفولة'),
(548, 215, 'الاقتصاد المنزلى التربوى'),
(549, 215, 'الصناعات الجلديه'),
(550, 216, 'التغذيه العلاجيه '),
(551, 217, 'البرنامج العام  لائحة ساعات معتمده'),
(552, 217, 'التغذيه وعلوم الاطعمة'),
(553, 217, 'الملابس والنسيج'),
(554, 217, 'إدارة موسسات الاسرة والطفولة'),
(555, 217, 'الاقتصاد المنزلى التربوى'),
(556, 217, 'الصناعات الجلديه'),
(557, 218, 'اللغة العربية'),
(558, 218, 'اللعة الانجليزية'),
(559, 218, 'اللغة الفرنسية'),
(560, 218, 'اللغة الالمانية'),
(561, 218, 'اللغة الانجليزية لغير المتخصصين'),
(562, 218, 'تاريخ'),
(563, 218, 'جغرافيا'),
(564, 218, 'فلسفة واجتماع'),
(565, 218, 'جيولوجي'),
(566, 218, 'بيولوجي'),
(567, 218, 'الرياضيات باللغة العربية'),
(568, 218, 'الرياضيات باللغة الانجليزية'),
(569, 218, 'الكيمياء باللغة العربية'),
(570, 218, 'الكيمياء باللغة الانجليزية'),
(571, 218, 'الفيزياء باللغة العربية'),
(572, 218, 'الفيزياء باللغة الانجليزية'),
(573, 218, 'اللغة العربية تعليم اساسي'),
(574, 218, 'اللغة الانجليزية تعليم اساسي'),
(575, 218, 'علوم تعليم اساسي'),
(576, 218, 'رياضيات تعليم اساسي'),
(577, 218, 'دراسات اجتماعية تعليم اساسي'),
(578, 218, 'التعليم التجاري'),
(579, 219, 'قسم تكنولوجيا التعليم'),
(580, 219, 'أخصائى تكنولوجيا التعليم والمعلومات'),
(581, 219, 'اخصائي تكنولوجيا التعليم ذوي احتياجات خاصة'),
(582, 220, 'التربية الخاصة عربي'),
(583, 220, 'التربية الخاصة انجليزي'),
(584, 221, 'رياض اطفال'),
(585, 222, 'علم النفس'),
(586, 223, 'الصناعات المعمارية'),
(587, 223, 'الصناعات الخشبية'),
(588, 223, 'الصناعات المعدنية'),
(589, 223, 'الصناعات والمشغولات النسيجية '),
(590, 223, 'طباعة وصباغة منسوجات'),
(591, 223, 'الزخرفة والاعلان '),
(592, 223, 'الملابس الجاهزة'),
(593, 224, 'البرنامج العام انتظام'),
(594, 225, 'البرنامج العام انتساب'),
(595, 226, 'قسم الإرشاد السياحي'),
(596, 227, 'قسم الدراسات السياحية عربي'),
(597, 228, 'قسم الدراسات السياحية لغات'),
(598, 229, 'قسم الإدارة الفندقية عربي'),
(599, 230, 'قسم الإدارة الفندقية لغات'),
(600, 231, 'برنامج الدراسات التراثية والمتحفية'),
(601, 232, 'برنامج إدارة عمليات الطيران'),
(602, 233, 'برنامج إدارة الفنادق (ماريوت)'),
(603, 234, 'برنامج التعليم التبادلي (أمريكانا)'),
(604, 235, 'برنامج التعليم التبادلي (ماكدونالدز)'),
(605, 236, 'برنامج التعليم التبادلي (برجر كنج)'),
(606, 237, 'برنامج التعليم التبادلي (موري كو)'),
(607, 238, 'البرنامج العام'),
(608, 239, 'عام عربى - انتظام'),
(609, 239, 'شعبة المحاسبة - عربى انتظام'),
(610, 239, 'شعبة التجارة الخارجية - عربى انتظام'),
(611, 239, ' شعبة إدارة الأعمال - عربى انتظام'),
(612, 239, 'شعبة الاقتصاد - عربى انتظام'),
(613, 239, 'شعبة الرياضة والتأمين والإحصاء التطبيقي - عربى انتظام'),
(614, 239, 'شعبة العلوم السياسية - عربى انتظام'),
(615, 239, 'شعبة نظم المعلومات - عربى انتظام'),
(616, 240, 'عام عربى - انتساب'),
(617, 240, 'شعبة المحاسبة - عربى انتساب'),
(618, 240, 'شعبة التجارة الخارجية - عربى انتساب'),
(619, 240, ' شعبة إدارة الأعمال - عربى انتساب'),
(620, 240, 'شعبة الاقتصاد - عربى انتساب'),
(621, 240, 'شعبة العلوم السياسية - عربى انتساب'),
(622, 241, 'عام لغات - انتظام'),
(623, 241, 'شعبة المحاسبة - لغات انتظام'),
(624, 241, 'شعبة التجارة الخارجية - لغات انتظام'),
(625, 241, ' شعبة إدارة الأعمال - لغات انتظام'),
(626, 241, 'شعبة الاقتصاد - لغات انتظام'),
(627, 241, 'شعبة شعبة الرياضة والتأمين والإحصاء التطبيقي - لغات انتظام'),
(628, 241, 'شعبة نظم المعلومات - لغات انتظام'),
(629, 242, 'عام لغات - انتساب'),
(630, 242, 'شعبة المحاسبة - لغات انتساب'),
(631, 242, 'شعبة التجارة الخارجية - لغات انتساب'),
(632, 242, ' شعبة إدارة الأعمال - لغات انتساب'),
(633, 242, 'شعبة الاقتصاد - لغات انتساب'),
(634, 242, 'شعبة شعبة الرياضة والتأمين والإحصاء التطبيقي - لغات انتساب'),
(635, 243, 'برنامج نظم معلومات الأعمال (BIS)'),
(636, 244, 'برنامج الأسواق والمنشأت المالية (FMI)'),
(637, 245, 'البرنامج العام'),
(638, 246, 'برنامج الدبلوم التخصصى '),
(639, 247, 'البرنامج العام'),
(640, 247, 'تدريب جماعي'),
(641, 247, 'تدريب فردي'),
(642, 247, 'تدريب أساسي'),
(643, 247, 'تربية معدلة'),
(644, 247, 'علم نفس'),
(645, 247, 'علوم حركة'),
(646, 247, 'علوم صحة'),
(647, 247, 'إدارة'),
(648, 247, 'ترويح'),
(649, 247, 'كبار سن'),
(650, 247, 'مناهج'),
(651, 248, 'البرنامج العام'),
(652, 248, 'التدريب الرياضي (بتخصصاته التطبيقية)'),
(653, 248, 'الإدارة الرياضية'),
(654, 248, 'التعليم');

-- --------------------------------------------------------

--
-- Table structure for table `recievedmeals`
--

CREATE TABLE `recievedmeals` (
  `id` int(11) NOT NULL,
  `studentNationalId` varchar(20) NOT NULL,
  `breakfast` int(11) NOT NULL,
  `lunch` int(11) NOT NULL,
  `dinner` int(11) NOT NULL,
  `date` varchar(100) NOT NULL
) ENGINE=InnoDB DEFAULT CHARSET=utf8mb4;

--
-- Dumping data for table `recievedmeals`
--

INSERT INTO `recievedmeals` (`id`, `studentNationalId`, `breakfast`, `lunch`, `dinner`, `date`) VALUES
(31, '33643', 1, 1, 1, '24/4/2024'),
(32, '576566765', 1, 0, 1, '24/4/2024'),
(33, '65667565', 1, 1, 1, '23/4/2024'),
(34, '45645556', 0, 0, 1, '24/4/2024'),
(35, '777434466', 1, 1, 0, '23/4/2024'),
(36, '678678776', 1, 1, 1, '24/4/2024'),
(37, '656776765', 1, 1, 1, '24/4/2024'),
(38, '6767666', 0, 0, 0, '24/4/2024'),
(39, '67667667', 0, 1, 1, '23/4/2024'),
(40, '4665466544', 1, 1, 0, '22/4/2024');

-- --------------------------------------------------------

--
-- Table structure for table `rooms`
--

CREATE TABLE `rooms` (
  `id` int(11) NOT NULL,
  `number` int(11) DEFAULT NULL,
  `type` varchar(40) NOT NULL,
  `floorId` int(11) DEFAULT NULL
) ENGINE=InnoDB DEFAULT CHARSET=utf8mb4;

--
-- Dumping data for table `rooms`
--

INSERT INTO `rooms` (`id`, `number`, `type`, `floorId`) VALUES
(1, 1, 'سكن عادي', 1),
(2, 2, 'سكن عادي', 1),
(7, 7, 'سكن عادي', 3),
(8, 8, 'سكن عادي', 3),
(9, 9, 'سكن عادي', 4),
(10, 99, 'سكن عادي', 6),
(11, 100, 'سكن عادي', 5),
(29, 1, 'سكن عادي', 2),
(33, 2, 'سكن عادي', 2),
(39, 4, 'سكن عادي', 1),
(40, 43, 'سكن عادي', 1),
(41, 234, 'سكن عادي', 1),
(44, 1, 'سكن عادي', 21),
(45, 224, 'سكن عادي', 21),
(48, 576, 'سكن مميز', 1),
(51, 33, 'سكن عادي', 1),
(53, 6576, 'سكن مميز', 1),
(54, 23, 'سكن مميز', 9),
(55, 345, 'سكن مميز', 21),
(57, 778, 'سكن مميز', 21);

-- --------------------------------------------------------

--
-- Table structure for table `studentfees`
--

CREATE TABLE `studentfees` (
  `id` int(11) NOT NULL,
  `type` varchar(50) NOT NULL,
  `isPayed` int(11) NOT NULL,
  `sum` float NOT NULL,
  `date` date NOT NULL,
  `studentId` int(11) NOT NULL
) ENGINE=InnoDB DEFAULT CHARSET=utf8mb4;

--
-- Dumping data for table `studentfees`
--

INSERT INTO `studentfees` (`id`, `type`, `isPayed`, `sum`, `date`, `studentId`) VALUES
(1, 'new1', 0, 334, '2024-02-15', 5),
(2, 'new2', 0, 223, '2024-02-07', 5),
(3, 'saasaserr', 0, 5767, '2024-02-06', 5),
(4, 'adsasd', 1, 5765, '2024-02-13', 5),
(5, 'new2', 1, 576, '2024-02-13', 7),
(6, 'adsasd', 1, 343, '2024-02-22', 7),
(7, 'adsasd', 1, 132, '2024-03-13', 3),
(8, 'normal rescidence', 1, 0, '2024-03-07', 3);

-- --------------------------------------------------------

--
-- Table structure for table `students`
--

CREATE TABLE `students` (
  `id` int(11) NOT NULL,
  `nationalId` varchar(20) DEFAULT NULL,
  `name` varchar(100) DEFAULT NULL,
  `birthday` varchar(30) DEFAULT NULL,
  `age` int(11) NOT NULL,
  `distance` float NOT NULL,
  `dateOfApplying` varchar(30) DEFAULT NULL,
  `placeOfBirth` varchar(100) DEFAULT NULL,
  `image` varchar(400) DEFAULT NULL,
  `gender` varchar(10) DEFAULT NULL,
  `telephone` varchar(20) DEFAULT NULL,
  `mobile` varchar(20) DEFAULT NULL,
  `email` varchar(100) DEFAULT NULL,
  `religion` varchar(50) DEFAULT NULL,
  `faculty` varchar(100) DEFAULT NULL,
  `fatherName` varchar(100) DEFAULT NULL,
  `fatherNationalId` varchar(20) DEFAULT NULL,
  `fatherOccupation` varchar(100) DEFAULT NULL,
  `fatherNumber` varchar(20) DEFAULT NULL,
  `guardianName` varchar(100) DEFAULT NULL,
  `guardianNationalId` varchar(20) DEFAULT NULL,
  `guardianRelationship` varchar(50) DEFAULT NULL,
  `residence` varchar(100) DEFAULT NULL,
  `addressDetails` varchar(1000) DEFAULT NULL,
  `isDisabled` int(11) DEFAULT NULL,
  `familyAbroad` int(11) DEFAULT NULL,
  `highschoolAbroad` int(11) DEFAULT NULL,
  `highschoolSpecialization` varchar(100) DEFAULT NULL,
  `academicYear` int(11) NOT NULL,
  `grade` varchar(10) DEFAULT NULL,
  `accomodationType` varchar(50) DEFAULT NULL,
  `accomodationWithNutrition` int(11) DEFAULT NULL,
  `password` varchar(255) DEFAULT NULL,
  `username` varchar(100) DEFAULT NULL,
  `isNew` int(11) DEFAULT NULL,
  `isApproved` int(11) DEFAULT NULL,
  `isAccepted` int(11) DEFAULT NULL,
  `isHoused` int(11) DEFAULT NULL,
  `serialNumber` int(11) NOT NULL,
  `timestamp` timestamp NOT NULL DEFAULT current_timestamp()
) ENGINE=InnoDB DEFAULT CHARSET=utf8mb4;

--
-- Dumping data for table `students`
--

INSERT INTO `students` (`id`, `nationalId`, `name`, `birthday`, `age`, `distance`, `dateOfApplying`, `placeOfBirth`, `image`, `gender`, `telephone`, `mobile`, `email`, `religion`, `faculty`, `fatherName`, `fatherNationalId`, `fatherOccupation`, `fatherNumber`, `guardianName`, `guardianNationalId`, `guardianRelationship`, `residence`, `addressDetails`, `isDisabled`, `familyAbroad`, `highschoolAbroad`, `highschoolSpecialization`, `academicYear`, `grade`, `accomodationType`, `accomodationWithNutrition`, `password`, `username`, `isNew`, `isApproved`, `isAccepted`, `isHoused`, `serialNumber`, `timestamp`) VALUES
(1, '1237789', 'omar22a', '2023-11-09', 21, 210, '2023-11-21', 'sdasdasd', '/12377891711970067416.jpg', 'M', 'asdasa', 'asdasda', 'sdadsasd@4343', 'مسلم', 'الطب', 'sdasda', '2323322', 'fgdghdhf', 'sdasda', 'fgdfgd', 'fgdg', 'sdadsa', 'sdasda', 'asdasda', 0, 1, 0, 'علمى علوم', 1, '20', 'سكن مميز', 0, '$2b$10$gXT/HtDIRTtnR4pu3QWmMe.ufbeXKX8J2AMvhfe0zGiMC6.ZqpYB2', '123', 0, 1, 1, 0, 8474375, '2024-04-01 09:37:40'),
(2, '1234', 'adel', '2023-09-19', 18, 540, '2023-11-21', 'gfdgfd', '/12341711970067409.png', 'M', 'fghdfghd', 'fgdfgfgdfgd', 'hfgdghfdghfdz3gfdftgdfg@fsdtfgdgdfgg', 'مسيحى', 'fghdfghd', 'hfgdfghd', 'dfghdfghd', 'hgdfghdfhg', 'dfgsgfdsdfgs', 'hdhfdf', 'fdhfd', 'fghdhfgdhd', 'fgdghfdfghdhfgdfgh', 'fghdhgfzd', 0, 0, 1, 'أزهرى أدبى', 0, '200', 'سكن عادي', 0, '$2b$10$vp8IFqfumpwS/IWc1v9Yy.FbHN.VuXXG54M1Czz3i9l56nij6g.hW', '1234', 1, 1, 1, 0, 6153518, '2024-04-01 09:37:40'),
(3, '12345', 'testname', '2023-11-10', 19, 332, '2023-11-22', 'edrsfgdsdfgs', '/123451711970067412.jpg', 'M', 'dfsdfsdfgs', 'sdfsdfsdfgds', 'dfgsgdfs', 'مسيحى', 'الطب', 'dfsdfsdfgs', 'dfgsdfgsdfgsdfg', 'dfgdfgsdfgs', 'dfsdfgsdfgsdfg', 'dfsdfgsdfgs', 'dfsdfsdfs', 'dfsdfgsdfg', 'dfgsgdfs', 'dfgsdgfsgf', 0, 1, 1, 'علمى رياضة', 1, '45', 'سكن عادي', 0, '$2b$10$kdtZ6hG9Tzc3mdT3qgAqbeLIAiT9hWeFDoLVdjqHbEonfqjIbvvBy', '12345', 0, 1, 1, 1, 8981227, '2024-04-01 09:37:40'),
(4, '1234566', 'dfgfgdfg', '2023-11-14', 20, 1001, '2023-11-26', 'dfsgdfsdfgs', NULL, 'F', 'dfgsdfgsgdfs', 'sgfsgdfsgfds', 'sdfgssdfgsgdfsgfds', 'مسلم', 'sgfdsgfds', 'fgdsgfdsgfd', 'sdfgsgdfsgdfs', 'dfgsdfgs', 'sdfgsdfgsdfg', 'dfgsgdfs', 'dfgsgdfs', 'dfgsdfgs', 'gfdgfdfg', 'fgdsfghd', 1, 1, 0, 'أزهرى علمى', 3, '20', 'سكن عادي', 1, '$2b$10$dPEAevq4eymdsyNTNOuTN.mzSy2PSadsK.Ae7FJcq//SolI0WRgsS', '1234566', 0, 1, 1, 0, 6320101, '2024-04-01 09:37:40'),
(5, '111', 'gesdgsgdfsddf', '2024-01-17', 25, 1000, '2024-1-6', 'dgsgfdsdgf', NULL, 'M', '35435434', '56465445', 'sffd@sfdgsfgd', 'مسلم', 'sesesesesafdasdf', 'sdasdfasdfa', '42342342', 'asdafdsadfs', '54654', 'sdafdsasdfa', '342432342', 'asfdsasdfa', 'asasa', 'yuuytgjhg8-ghfhgfghg', 0, 0, 0, 'أدبى', 0, '333', 'سكن عادي', 0, '$2b$10$L2tFFr8z1xpgFdIADtsEYuU.Qfsg3dNMu7rSgNULp8W6qTfK0aVFu', '111', 1, 1, 1, 1, 6048666, '2024-04-01 09:37:40'),
(6, '112222', 'ersfdgsdfgs', '2002-03-21', 19, 20, '2024-1-6', 'fasdfasdfa', NULL, 'F', 'sfdsdfsdfs', 'sdfasda', 'dfgsfd@fsdfsdf', 'مسلم', 'dfsdfsdfs', 'sddfgsgdfsdfg', 'dfgsdfgsdfgsdf', 'dfgsdfgsdfgs', 'sdfasdfasdfa', 'sdfgsdfgs', 'dfgsgdfsdfg', 'sdaasdfasdf', 'dfgsdfgsdfgs', 'dsdfgsdfgsdfg', 1, 0, 1, 'أزهرى علمى', 0, '3.7', 'سكن عادي', 0, '$2b$10$Txdra3FdagBe3RMOkdvkVeu7NLDpN3TAjh0cmWcEhe2NH/qES6MKq', '112222', 1, 0, 0, 0, 5952218, '2024-04-01 09:37:40'),
(7, '435434535', 'fdsdfsdfs', '2003-03-21', 33, 110, '2024-1-6', 'dfsdfsdfsf', NULL, 'M', 'dfsfdsdfs', 'sdfasdfafs', 'dfsdfsdf@fdsdfsdf', 'مسيحى', 'fdsdfsdfs', 'dfsdfsdfs', 'dfsdfsdfs', 'dfsdfgsgdfs', 'sfafsdasdf', 'gdsdfgsdfg', 'dfsdfsdfs', 'fsaasdfasdf', 'dfsdfsfdsfd', 'dfsdfsf', 1, 0, 0, 'أدبى', 0, '456', 'سكن عادي', 1, '$2b$10$yzcfZlrkH2r5hRDgvKGSRO/WMXbkpbgpeULvt.iCNmEhsVWvj/bse', '435434535', 1, 1, 1, 1, 1002400, '2024-04-01 09:37:40'),
(8, '111231453543', 'fsdfsfd', '1996-05-07', 27, 11.1611, '2024-1-6', 'wdasdads', NULL, 'F', 'sdasdasda', 'asdasd', 'dsasdasdasd@ffgfd', 'مسلم', 'الهندسة بالمطرية', 'sdasdasdas', 'adsasda', 'sdasdasdasd', 'dsasda', 'asdasdasd', 'asdasdaasd', 'sdasda', 'sasdasda', 'sasasda', 0, 1, 0, 'معاهد فنية ثلاث سنوات', 4, '45', 'سكن عادي', 0, '$2b$10$cCc7BCQy2zIyQJ.ltqymJetohWzYpngkYtyGuckTuNTmuE.jYLhy2', '111231453543', 0, 1, 1, 1, 5573578, '2024-04-01 09:37:40'),
(9, '444444', 'esfgdsdgfs', '1990-01-09', 34, 13.4478, '2024-1-9', 'dsdfgsdfgs', NULL, 'M', 'dfsdfgsdfgsfd', 'dfgsdfgsdfgs', 'sdfgsdfgsdfgs', 'مسلم', 'dfgsdfgsdfgsg', 'dfgsfgsgds', '2353543543', 'gdsdgfsgdfs', 'dsfdgsdfgs', 'sfdsgsdfgsg', '34353453', 'dsdfgsdgfsdfg', 'fddfsdfgsg', 'dfsgddfsgdfsdfg', 0, 1, 0, 'أزهرى علمى', 4, '2.76', 'سكن عادي', 1, '$2b$10$.IPUPFmBDpm7ib0eSZkVROQWy3UngcPZX8nUBKBR727MuwlHQqTyi', '444444', 0, -1, 0, 0, 5675854, '2024-04-01 09:37:40'),
(10, 'asdfasdfa', 'sdfasdfasdfasf', '2024-02-22', -1, 12.8767, '2024-2-13', 'sdfadfsasd', NULL, 'F', 'sdafdsasdfa', 'asdfasfda', 'asdfafds', 'مسلم', 'sdfasdfa', 'fdsasdfa', 'dasdfafsda', 'sdasdfa', 'sdfasdfaf', 'sdfadfsasdf', 'saassdfasfd', 'sdafsdasfeda', 'saasasdf', 'sdsdasdasdf', 1, 1, 1, 'معاهد فنية ثلاث سنوات', 2, '45', 'سكن عادي', 1, '$2b$10$B.XXdgAX9f5Hb29irOub/eUjqVCxsJfMIazgj3BfYEIR6aZhreC2W', 'asdfasdfa', 1, -1, 0, 0, 3316745, '2024-04-01 09:37:40'),
(11, '111111', 'dfgghfhgf', '2024-04-25', -1, 11.2124, '2024-4-1', 'sdasdasda', NULL, 'F', 'sasdasdasd', 'sadsasda', 'dssdasda@adsasda', 'مسيحى', 'الطب', 'dsadsasda', 'asdasda', 'sdasdasda', 'sdasdasda', 'sdasdasda', 'asdasdasd', 'sdasdasd', 'sadsasda', 'sdasdasd', 1, 0, 1, 'معاهد فنية اربعه سنوات', 3, '4.7', 'سكن مميز', 0, '$2b$10$J4IlFj36P/Bc2UgPWNS/Ku5ayPICDWZTHZ1ZmV73s4vWL09zclU4q', '111111', 0, 0, 0, 0, 2955299, '2024-04-01 09:58:06');

-- --------------------------------------------------------

--
-- Table structure for table `towns`
--

CREATE TABLE `towns` (
  `id` int(11) NOT NULL,
  `name` varchar(100) DEFAULT NULL
) ENGINE=InnoDB DEFAULT CHARSET=utf8mb4;

--
-- Dumping data for table `towns`
--

INSERT INTO `towns` (`id`, `name`) VALUES
(1, 'town 1'),
(3, 'town 2'),
(43, '556');

--
-- Indexes for dumped tables
--

--
-- Indexes for table `absence`
--
ALTER TABLE `absence`
  ADD PRIMARY KEY (`id`);

--
-- Indexes for table `applicationdates`
--
ALTER TABLE `applicationdates`
  ADD PRIMARY KEY (`id`);

--
-- Indexes for table `beds`
--
ALTER TABLE `beds`
  ADD PRIMARY KEY (`id`),
  ADD KEY `roomId` (`roomId`);

--
-- Indexes for table `blockmeals`
--
ALTER TABLE `blockmeals`
  ADD PRIMARY KEY (`id`),
  ADD KEY `studentId` (`studentId`);

--
-- Indexes for table `buildings`
--
ALTER TABLE `buildings`
  ADD PRIMARY KEY (`id`),
  ADD KEY `townId` (`townId`);

--
-- Indexes for table `categories`
--
ALTER TABLE `categories`
  ADD PRIMARY KEY (`id`);

--
-- Indexes for table `departments`
--
ALTER TABLE `departments`
  ADD PRIMARY KEY (`id`),
  ADD KEY `departmentsFacultyIDFK` (`facultyId`);

--
-- Indexes for table `employees`
--
ALTER TABLE `employees`
  ADD PRIMARY KEY (`id`);

--
-- Indexes for table `faculties`
--
ALTER TABLE `faculties`
  ADD PRIMARY KEY (`id`);

--
-- Indexes for table `fees`
--
ALTER TABLE `fees`
  ADD PRIMARY KEY (`id`);

--
-- Indexes for table `floors`
--
ALTER TABLE `floors`
  ADD PRIMARY KEY (`id`),
  ADD KEY `buildingId` (`buildingId`);

--
-- Indexes for table `instructions`
--
ALTER TABLE `instructions`
  ADD PRIMARY KEY (`id`);

--
-- Indexes for table `levels`
--
ALTER TABLE `levels`
  ADD PRIMARY KEY (`id`),
  ADD KEY `levelProgramIDFK` (`programId`);

--
-- Indexes for table `logs`
--
ALTER TABLE `logs`
  ADD PRIMARY KEY (`id`);

--
-- Indexes for table `penalties`
--
ALTER TABLE `penalties`
  ADD PRIMARY KEY (`id`),
  ADD KEY `studentId` (`studentId`);

--
-- Indexes for table `programs`
--
ALTER TABLE `programs`
  ADD PRIMARY KEY (`id`),
  ADD KEY `programsDepartmentIDFK` (`departmentId`);

--
-- Indexes for table `recievedmeals`
--
ALTER TABLE `recievedmeals`
  ADD PRIMARY KEY (`id`);

--
-- Indexes for table `rooms`
--
ALTER TABLE `rooms`
  ADD PRIMARY KEY (`id`),
  ADD KEY `floorId` (`floorId`);

--
-- Indexes for table `studentfees`
--
ALTER TABLE `studentfees`
  ADD PRIMARY KEY (`id`),
  ADD KEY `studentfeesStudentFK` (`studentId`);

--
-- Indexes for table `students`
--
ALTER TABLE `students`
  ADD PRIMARY KEY (`id`);

--
-- Indexes for table `towns`
--
ALTER TABLE `towns`
  ADD PRIMARY KEY (`id`);

--
-- AUTO_INCREMENT for dumped tables
--

--
-- AUTO_INCREMENT for table `absence`
--
ALTER TABLE `absence`
  MODIFY `id` int(11) NOT NULL AUTO_INCREMENT, AUTO_INCREMENT=6;

--
-- AUTO_INCREMENT for table `applicationdates`
--
ALTER TABLE `applicationdates`
  MODIFY `id` int(11) NOT NULL AUTO_INCREMENT, AUTO_INCREMENT=19;

--
-- AUTO_INCREMENT for table `beds`
--
ALTER TABLE `beds`
  MODIFY `id` int(11) NOT NULL AUTO_INCREMENT, AUTO_INCREMENT=97;

--
-- AUTO_INCREMENT for table `blockmeals`
--
ALTER TABLE `blockmeals`
  MODIFY `id` int(11) NOT NULL AUTO_INCREMENT, AUTO_INCREMENT=5;

--
-- AUTO_INCREMENT for table `buildings`
--
ALTER TABLE `buildings`
  MODIFY `id` int(11) NOT NULL AUTO_INCREMENT, AUTO_INCREMENT=31;

--
-- AUTO_INCREMENT for table `categories`
--
ALTER TABLE `categories`
  MODIFY `id` int(11) NOT NULL AUTO_INCREMENT, AUTO_INCREMENT=10;

--
-- AUTO_INCREMENT for table `departments`
--
ALTER TABLE `departments`
  MODIFY `id` int(11) NOT NULL AUTO_INCREMENT, AUTO_INCREMENT=249;

--
-- AUTO_INCREMENT for table `employees`
--
ALTER TABLE `employees`
  MODIFY `id` int(11) NOT NULL AUTO_INCREMENT, AUTO_INCREMENT=4;

--
-- AUTO_INCREMENT for table `faculties`
--
ALTER TABLE `faculties`
  MODIFY `id` int(11) NOT NULL AUTO_INCREMENT, AUTO_INCREMENT=45;

--
-- AUTO_INCREMENT for table `fees`
--
ALTER TABLE `fees`
  MODIFY `id` int(11) NOT NULL AUTO_INCREMENT, AUTO_INCREMENT=10;

--
-- AUTO_INCREMENT for table `floors`
--
ALTER TABLE `floors`
  MODIFY `id` int(11) NOT NULL AUTO_INCREMENT, AUTO_INCREMENT=25;

--
-- AUTO_INCREMENT for table `instructions`
--
ALTER TABLE `instructions`
  MODIFY `id` int(11) NOT NULL AUTO_INCREMENT, AUTO_INCREMENT=102;

--
-- AUTO_INCREMENT for table `levels`
--
ALTER TABLE `levels`
  MODIFY `id` int(11) NOT NULL AUTO_INCREMENT, AUTO_INCREMENT=1931;

--
-- AUTO_INCREMENT for table `logs`
--
ALTER TABLE `logs`
  MODIFY `id` int(11) NOT NULL AUTO_INCREMENT, AUTO_INCREMENT=108;

--
-- AUTO_INCREMENT for table `penalties`
--
ALTER TABLE `penalties`
  MODIFY `id` int(11) NOT NULL AUTO_INCREMENT, AUTO_INCREMENT=7;

--
-- AUTO_INCREMENT for table `programs`
--
ALTER TABLE `programs`
  MODIFY `id` int(11) NOT NULL AUTO_INCREMENT, AUTO_INCREMENT=655;

--
-- AUTO_INCREMENT for table `recievedmeals`
--
ALTER TABLE `recievedmeals`
  MODIFY `id` int(11) NOT NULL AUTO_INCREMENT, AUTO_INCREMENT=41;

--
-- AUTO_INCREMENT for table `rooms`
--
ALTER TABLE `rooms`
  MODIFY `id` int(11) NOT NULL AUTO_INCREMENT, AUTO_INCREMENT=58;

--
-- AUTO_INCREMENT for table `studentfees`
--
ALTER TABLE `studentfees`
  MODIFY `id` int(11) NOT NULL AUTO_INCREMENT, AUTO_INCREMENT=9;

--
-- AUTO_INCREMENT for table `students`
--
ALTER TABLE `students`
  MODIFY `id` int(11) NOT NULL AUTO_INCREMENT, AUTO_INCREMENT=12;

--
-- AUTO_INCREMENT for table `towns`
--
ALTER TABLE `towns`
  MODIFY `id` int(11) NOT NULL AUTO_INCREMENT, AUTO_INCREMENT=44;

--
-- Constraints for dumped tables
--

--
-- Constraints for table `beds`
--
ALTER TABLE `beds`
  ADD CONSTRAINT `beds_ibfk_1` FOREIGN KEY (`roomId`) REFERENCES `rooms` (`id`) ON DELETE CASCADE;

--
-- Constraints for table `blockmeals`
--
ALTER TABLE `blockmeals`
  ADD CONSTRAINT `blockmeals_ibfk_1` FOREIGN KEY (`studentId`) REFERENCES `students` (`id`) ON DELETE CASCADE;

--
-- Constraints for table `buildings`
--
ALTER TABLE `buildings`
  ADD CONSTRAINT `buildings_ibfk_1` FOREIGN KEY (`townId`) REFERENCES `towns` (`id`) ON DELETE CASCADE;

--
-- Constraints for table `departments`
--
ALTER TABLE `departments`
  ADD CONSTRAINT `departmentsFacultyIDFK` FOREIGN KEY (`facultyId`) REFERENCES `faculties` (`id`) ON DELETE CASCADE ON UPDATE CASCADE;

--
-- Constraints for table `floors`
--
ALTER TABLE `floors`
  ADD CONSTRAINT `floors_ibfk_1` FOREIGN KEY (`buildingId`) REFERENCES `buildings` (`id`) ON DELETE CASCADE;

--
-- Constraints for table `levels`
--
ALTER TABLE `levels`
  ADD CONSTRAINT `levelProgramIDFK` FOREIGN KEY (`programId`) REFERENCES `programs` (`id`) ON DELETE CASCADE ON UPDATE CASCADE;

--
-- Constraints for table `penalties`
--
ALTER TABLE `penalties`
  ADD CONSTRAINT `penalties_ibfk_1` FOREIGN KEY (`studentId`) REFERENCES `students` (`id`) ON DELETE CASCADE;

--
-- Constraints for table `programs`
--
ALTER TABLE `programs`
  ADD CONSTRAINT `programsDepartmentIDFK` FOREIGN KEY (`departmentId`) REFERENCES `departments` (`id`) ON DELETE CASCADE ON UPDATE CASCADE;

--
-- Constraints for table `rooms`
--
ALTER TABLE `rooms`
  ADD CONSTRAINT `rooms_ibfk_1` FOREIGN KEY (`floorId`) REFERENCES `floors` (`id`) ON DELETE CASCADE;

--
-- Constraints for table `studentfees`
--
ALTER TABLE `studentfees`
  ADD CONSTRAINT `studentfeesStudentFK` FOREIGN KEY (`studentId`) REFERENCES `students` (`id`) ON DELETE CASCADE ON UPDATE CASCADE;
COMMIT;

/*!40101 SET CHARACTER_SET_CLIENT=@OLD_CHARACTER_SET_CLIENT */;
/*!40101 SET CHARACTER_SET_RESULTS=@OLD_CHARACTER_SET_RESULTS */;
/*!40101 SET COLLATION_CONNECTION=@OLD_COLLATION_CONNECTION */;
