-- phpMyAdmin SQL Dump
-- version 5.2.0
-- https://www.phpmyadmin.net/
--
-- Host: 127.0.0.1
-- Generation Time: Mar 12, 2024 at 03:17 PM
-- Server version: 10.4.27-MariaDB
-- PHP Version: 8.2.0

SET SQL_MODE = "NO_AUTO_VALUE_ON_ZERO";
START TRANSACTION;
SET time_zone = "+00:00";


/*!40101 SET @OLD_CHARACTER_SET_CLIENT=@@CHARACTER_SET_CLIENT */;
/*!40101 SET @OLD_CHARACTER_SET_RESULTS=@@CHARACTER_SET_RESULTS */;
/*!40101 SET @OLD_COLLATION_CONNECTION=@@COLLATION_CONNECTION */;
/*!40101 SET NAMES utf8mb4 */;

--
-- Database: `studentdormsystem`
--

-- --------------------------------------------------------

--
-- Table structure for table `applicationdates`
--

CREATE TABLE `applicationdates` (
  `id` int(11) NOT NULL,
  `studentType` varchar(50) DEFAULT NULL,
  `startDate` varchar(100) DEFAULT NULL,
  `endDate` varchar(100) DEFAULT NULL
) ENGINE=InnoDB DEFAULT CHARSET=utf8mb4 COLLATE=utf8mb4_general_ci;

--
-- Dumping data for table `applicationdates`
--

INSERT INTO `applicationdates` (`id`, `studentType`, `startDate`, `endDate`) VALUES
(13, 'fdsdfs', '2023-10-11', '2023-11-03'),
(14, '66887', '2024-01-11', '2024-01-16'),
(15, 'new', '2024-01-17', '2024-01-16'),
(18, 'sdklajhfjklash', '2024-01-30', '2024-02-08');

-- --------------------------------------------------------

--
-- Table structure for table `beds`
--

CREATE TABLE `beds` (
  `id` int(11) NOT NULL,
  `number` int(11) DEFAULT NULL,
  `roomId` int(11) DEFAULT NULL,
  `isOccupied` int(11) DEFAULT NULL,
  `occupant` int(11) DEFAULT NULL
) ENGINE=InnoDB DEFAULT CHARSET=utf8mb4 COLLATE=utf8mb4_general_ci;

--
-- Dumping data for table `beds`
--

INSERT INTO `beds` (`id`, `number`, `roomId`, `isOccupied`, `occupant`) VALUES
(1, 1, 1, 0, NULL),
(3, 3, 1, 0, NULL),
(5, 5, 2, 1, 3),
(10, 88, 11, 0, NULL),
(11, 89, 10, 0, NULL),
(18, 4, 1, 0, NULL),
(48, 46546, 1, 0, NULL),
(50, 123, 39, 0, NULL),
(51, 45, 29, 0, NULL),
(52, 444, 7, 0, NULL),
(53, 66, 9, 1, 8),
(55, 456, 29, 0, NULL),
(56, 44, 29, 0, NULL),
(57, 4654, 33, 0, NULL),
(58, 456, 33, 0, NULL),
(59, 35345, 29, 0, NULL),
(60, 234243, 41, 0, NULL),
(61, 334, 41, 0, NULL),
(62, 2324, 40, 0, NULL),
(63, 324, 40, 0, NULL),
(64, 53543, 9, 0, NULL),
(68, 343534, 2, 0, NULL),
(71, 32342, 2, 1, 7),
(72, 3243, 2, 0, NULL),
(76, 34, 1, 0, NULL),
(81, 33, 44, 0, NULL),
(82, 334, 44, 0, NULL),
(83, 65, 1, 0, NULL);

-- --------------------------------------------------------

--
-- Table structure for table `blockmeals`
--

CREATE TABLE `blockmeals` (
  `id` int(11) NOT NULL,
  `fromDate` varchar(100) DEFAULT NULL,
  `toDate` varchar(100) DEFAULT NULL,
  `meal` varchar(100) DEFAULT NULL,
  `reason` varchar(100) DEFAULT NULL,
  `studentId` int(11) DEFAULT NULL
) ENGINE=InnoDB DEFAULT CHARSET=utf8mb4 COLLATE=utf8mb4_general_ci;

--
-- Dumping data for table `blockmeals`
--

INSERT INTO `blockmeals` (`id`, `fromDate`, `toDate`, `meal`, `reason`, `studentId`) VALUES
(3, '2024-01-03', '2024-01-09', 'lunch', 'mosha8eb', 1);

-- --------------------------------------------------------

--
-- Table structure for table `buildings`
--

CREATE TABLE `buildings` (
  `id` int(11) NOT NULL,
  `name` varchar(100) DEFAULT NULL,
  `type` varchar(10) NOT NULL,
  `townId` int(11) DEFAULT NULL
) ENGINE=InnoDB DEFAULT CHARSET=utf8mb4 COLLATE=utf8mb4_general_ci;

--
-- Dumping data for table `buildings`
--

INSERT INTO `buildings` (`id`, `name`, `type`, `townId`) VALUES
(1, 'building 1', 'M', 1),
(2, 'building 2', 'M', 1),
(3, 'building 1', 'F', 3),
(4, 'building 2', 'M', 3),
(11, 'building 3', 'F', 1),
(30, 'dfsfdsdfs', 'M', 1);

-- --------------------------------------------------------

--
-- Table structure for table `categories`
--

CREATE TABLE `categories` (
  `id` int(11) NOT NULL,
  `name` varchar(100) DEFAULT NULL,
  `governorate` varchar(100) DEFAULT NULL
) ENGINE=InnoDB DEFAULT CHARSET=utf8mb4 COLLATE=utf8mb4_general_ci;

--
-- Dumping data for table `categories`
--

INSERT INTO `categories` (`id`, `name`, `governorate`) VALUES
(4, 'dfgdfgdfg', 'الزقازيق'),
(5, 'fgdfg', 'الإسماعيلية'),
(9, '786786876', 'أسوان');

-- --------------------------------------------------------

--
-- Table structure for table `departments`
--

CREATE TABLE `departments` (
  `id` int(11) NOT NULL,
  `facultyId` int(11) NOT NULL,
  `name` varchar(200) NOT NULL,
  `type` varchar(200) NOT NULL
) ENGINE=InnoDB DEFAULT CHARSET=utf8mb4 COLLATE=utf8mb4_general_ci;

--
-- Dumping data for table `departments`
--

INSERT INTO `departments` (`id`, `facultyId`, `name`, `type`) VALUES
(1, 1, 'الفرقة الإعدادية', ''),
(2, 1, 'هندسة الحاسبات والنظم', ''),
(3, 1, 'هندسة الأتصالات والألكترونيات', ''),
(4, 1, 'هندسة الإلكترونيات والاتصالات والحاسبات', ''),
(5, 1, 'الهندسة الحيوية الطبية', ''),
(6, 1, 'هندسة القوى والألات الكهربية', ''),
(7, 1, 'الهندسة الميكانيكية لائحة 2020', ''),
(8, 1, 'الهندسة الميكانيكية لائحة 2003', ''),
(9, 1, 'هندسة الإتصالات والمعلومات', ''),
(10, 1, 'هندسة القوى والوقاية الكهربية', ''),
(11, 2, 'الفرقة الإعدادية', ''),
(12, 2, 'الهندسة المدنية', ''),
(13, 2, 'التصميم الميكانيكى', ''),
(14, 2, 'هندسة السيارات والجرارات', ''),
(15, 2, 'هندسة القوى الميكانيكية', ''),
(16, 2, 'الهندسة المعمارية', ''),
(17, 2, 'ھندسة الطاقة', ''),
(18, 2, 'الھندسة الإنشائیة', ''),
(19, 2, 'هندسة إدارة المشروعات والتشیید المستدام', ''),
(20, 2, 'ھندسة المیكاترونیات بالسیارات', ''),
(21, 3, 'البرنامج العام', ''),
(22, 3, 'هندسه البرمجيات', ''),
(23, 3, 'معلوماتيه طبيه', ''),
(24, 4, 'البرنامج العام', ''),
(25, 5, 'البرنامج العام (لائحة قديمة)', ''),
(26, 5, 'بكالوريوس الصيدلة (فارم دى)', ''),
(27, 5, 'بكالوريوس الصيدلة (فارم د اكلينيكية)', ''),
(28, 6, 'شعبه عامه', ''),
(29, 7, 'تكنولوجيا الالكترونيات', ''),
(30, 7, 'تكنولوجيا الانتاج', ''),
(31, 7, 'تكنولوجيا التبريد والتكييف', ''),
(32, 7, 'تكنولوجيا السيارات والجرارات', ''),
(33, 7, 'تكنولوجيا الكهرباء', ''),
(34, 8, 'البرنامج العام عربى انتظام', ''),
(35, 8, 'البرنامج العام عربى انتساب', ''),
(36, 8, 'البرنامج العام لغات انتظام', ''),
(37, 8, 'البرنامج العام لغات انتساب', ''),
(38, 9, 'برنامج البكالويوس في علوم التمريض (لائحة جديده)', ''),
(39, 9, 'برنامج البكالويوس في علوم التمريض (لائحه قديمه)', ''),
(40, 9, 'برنامج البكالوريوس المكثف', ''),
(41, 9, 'البرنامج التخصصى', ''),
(42, 10, 'الشعبه العامه الفنون (فصول)', ''),
(43, 10, 'الديكور (فصول)', ''),
(44, 10, 'العمارة (فصول)', ''),
(45, 10, 'الشعبه العامه الفنون (كريديت)', ''),
(46, 10, 'الديكور (كريديت)', ''),
(47, 10, 'العمارة (كريديت)', ''),
(48, 10, 'تصميم العمارة الداخلية', ''),
(49, 11, 'مجموعة العلوم الطبيعية (لائحة جديدة)', ''),
(50, 11, 'مجموعة العلوم البيولوجية (لائحة جديدة)', ''),
(51, 11, 'التكنولوجيا الحيوية الجزيئية (برنامج نوعى بمصروفات) (لائحة جديدة)', ''),
(52, 11, 'مجموعة علوم الارض (لائحة جديدة)', ''),
(53, 11, 'مجموعة العلوم الفيزيائية (لائحة قديمة)', ''),
(54, 11, 'مجموعة العلوم البيولوجية (لائحة قديمة)', ''),
(55, 11, 'مجموعة علوم الارض (لائحة قديمة)', ''),
(56, 11, 'برنامج البيوتكنولوجي (لائحة قديمة)', ''),
(57, 12, 'الشعبه العامه', ''),
(58, 12, 'برنامج علوم تصميم الاثاث', ''),
(59, 12, 'برنامج تصميم الاعلان الرقمي', ''),
(60, 12, 'برنامج الموضة وطباعة المنسوجات', ''),
(61, 12, 'برنامج طباعة الوسائط', ''),
(62, 12, 'برنامج علوم التغليف', ''),
(63, 13, 'اللغة العربية وآدابها - انتظام', ''),
(64, 13, 'اللغة العربية وآدابها - انتساب', ''),
(65, 13, 'اللغة الإنجليزية وآدابها', ''),
(66, 13, 'اللغةالفرنسيةوآدابها- انتظام', ''),
(67, 13, 'اللغةالفرنسيةوآدابها- انتساب', ''),
(68, 13, 'اللغةالألمانيةوآدابها', ''),
(69, 13, 'اللغة الإيطالية وآدابها', ''),
(70, 13, 'اللغة الاسبانية وآدابها', ''),
(71, 13, 'اللغة الصينية وآدابها', ''),
(72, 13, 'اللغة العبرية وآدابها', ''),
(73, 13, 'اللغات الشرقيةوآدابها', ''),
(74, 13, 'التاريخ- انتظام', ''),
(75, 13, 'التاريخ- انتساب', ''),
(76, 13, 'الجغرافيا ونظم المعلومات الجغرافيه-انتظام', ''),
(77, 13, 'الجغرافيا ونظم المعلومات الجغرافيه-انتساب', ''),
(78, 13, 'الفلسفة- انتظام', ''),
(79, 13, 'الفلسفة- انتساب', ''),
(80, 13, 'علم النفس', ''),
(81, 13, 'الاجتماع - انتظام', ''),
(82, 13, 'الاجتماع - انتساب', ''),
(83, 13, 'الإعلام', ''),
(84, 13, 'الآثار والحضارة', ''),
(85, 13, 'المكتبات والمعلومات- انتظام', ''),
(86, 13, 'المكتبات والمعلومات- انتساب', ''),
(87, 13, 'علوم المسرح', ''),
(88, 13, 'برنامج الترجمة الفورية والتحريرية', ''),
(89, 13, 'برنامج اللغة الفرنسية والترجمة', ''),
(90, 13, 'برنامج الجوماتكس ونظم المعلومات الجغرافية', ''),
(91, 14, 'البرنامج العام', ''),
(92, 14, 'التغذيه العلاجيه ', ''),
(93, 14, 'البرنامج العام  لائحة ساعات معتمده', ''),
(94, 15, 'قسم المناهج وطريق التدريس', ''),
(95, 15, 'قسم تكنولوجيا التعليم', ''),
(96, 15, 'قسم الصحه النفسيه', ''),
(97, 15, 'قسم رياض اطفال', ''),
(98, 15, 'قسم علم النفس التربوي', ''),
(99, 15, 'قسم الفنون الصناعيه', ''),
(100, 16, 'البرنامج العام انتظام', ''),
(101, 16, 'البرنامج العام انتساب', ''),
(102, 17, 'قسم الإرشاد السياحي', ''),
(103, 17, 'قسم الدراسات السياحية عربي', ''),
(104, 17, 'قسم الدراسات السياحية لغات', ''),
(105, 17, 'قسم الإدارة الفندقية عربي', ''),
(106, 17, 'قسم الإدارة الفندقية لغات', ''),
(107, 17, 'برنامج الدراسات التراثية والمتحفية', ''),
(108, 17, 'برنامج إدارة عمليات الطيران', ''),
(109, 17, 'برنامج إدارة الفنادق (ماريوت)', ''),
(110, 17, 'برنامج التعليم التبادلي (أمريكانا)', ''),
(111, 17, 'برنامج التعليم التبادلي (ماكدونالدز)', ''),
(112, 17, 'برنامج التعليم التبادلي (برجر كنج)', ''),
(113, 17, 'برنامج التعليم التبادلي (موري كو)', ''),
(114, 18, 'البرنامج العام', ''),
(115, 19, 'عام عربى - انتظام', ''),
(116, 19, 'عام عربى - انتساب', ''),
(117, 19, 'عام لغات - انتظام', ''),
(118, 19, 'عام لغات - انتساب', ''),
(119, 19, 'برنامج نظم معلومات الأعمال (BIS)', ''),
(120, 19, 'برنامج الأسواق والمنشأت المالية (FMI)', ''),
(121, 20, 'البرنامج العام', ''),
(122, 20, 'برنامج الدبلوم التخصصى ', ''),
(123, 21, 'ألبرنامج العام', ''),
(124, 22, 'ألبرنامج العام', '');

-- --------------------------------------------------------

--
-- Table structure for table `employees`
--

CREATE TABLE `employees` (
  `id` int(11) NOT NULL,
  `name` varchar(100) NOT NULL,
  `username` varchar(100) DEFAULT NULL,
  `password` varchar(100) DEFAULT NULL,
  `creating` int(11) NOT NULL,
  `reading` int(11) NOT NULL,
  `deleting` int(11) NOT NULL,
  `updating` int(11) NOT NULL,
  `creatingEmployee` int(11) NOT NULL
) ENGINE=InnoDB DEFAULT CHARSET=utf8mb4 COLLATE=utf8mb4_general_ci;

--
-- Dumping data for table `employees`
--

INSERT INTO `employees` (`id`, `name`, `username`, `password`, `creating`, `reading`, `deleting`, `updating`, `creatingEmployee`) VALUES
(1, 'omar', 'omar1', '$2b$10$mm1a.2gmFmQAuLb.wmyNieTHdl6QJ7f09B0FwWdbvfRzMGKKsLsjC', 1, 1, 1, 1, 1),
(3, 'omar', 'omar2', '$2b$10$VCV4BAEg9UuEl5Yw5XnM.eNIKJ5SjGuyseDLfQ6DqF6P/2iLYG.OS', 0, 1, 0, 0, 0);

-- --------------------------------------------------------

--
-- Table structure for table `faculties`
--

CREATE TABLE `faculties` (
  `id` int(11) NOT NULL,
  `name` varchar(200) NOT NULL
) ENGINE=InnoDB DEFAULT CHARSET=utf8mb4 COLLATE=utf8mb4_general_ci;

--
-- Dumping data for table `faculties`
--

INSERT INTO `faculties` (`id`, `name`) VALUES
(1, 'الهندسة بحلوان'),
(2, 'الهندسة بالمطرية'),
(3, 'الحاسبات والذكاء الاصطناعى'),
(4, 'الطب'),
(5, 'الصيدلة'),
(6, 'التربية الفنية'),
(7, 'التكنولوجيا والتعليم'),
(8, 'الحقوق'),
(9, 'التمريض'),
(10, 'الفنون الجميلة'),
(11, 'العلوم'),
(12, 'الفنون التطبيقية'),
(13, 'أداب'),
(14, 'الاقتصاد المنزلى'),
(15, 'التربية'),
(16, 'الخدمة الاجتماعية'),
(17, 'السياحة والفنادق'),
(18, 'تربية موسيقية'),
(19, 'كلية التجارة وإدارة الأعمال'),
(20, 'معهد التمريض'),
(21, 'تربية رياضية بنين'),
(22, 'تربية رياضية بنات');

-- --------------------------------------------------------

--
-- Table structure for table `fees`
--

CREATE TABLE `fees` (
  `id` int(11) NOT NULL,
  `name` varchar(100) NOT NULL,
  `necessaryForNutrition` varchar(10) NOT NULL
) ENGINE=InnoDB DEFAULT CHARSET=utf8mb4 COLLATE=utf8mb4_general_ci;

--
-- Dumping data for table `fees`
--

INSERT INTO `fees` (`id`, `name`, `necessaryForNutrition`) VALUES
(1, 'new1', 'yes'),
(2, 'new2', 'no'),
(7, 'adsasd', 'no'),
(8, 'saasaserr', 'yes'),
(9, 'normal rescidence', 'no');

-- --------------------------------------------------------

--
-- Table structure for table `floors`
--

CREATE TABLE `floors` (
  `id` int(11) NOT NULL,
  `number` int(11) DEFAULT NULL,
  `buildingId` int(11) DEFAULT NULL
) ENGINE=InnoDB DEFAULT CHARSET=utf8mb4 COLLATE=utf8mb4_general_ci;

--
-- Dumping data for table `floors`
--

INSERT INTO `floors` (`id`, `number`, `buildingId`) VALUES
(1, 1, 1),
(2, 2, 1),
(3, 1, 2),
(4, 2, 2),
(5, 1, 4),
(6, 1, 3),
(7, 11, 3),
(8, 10, 3),
(9, 3, 1),
(21, 1, 11),
(22, 3, 11);

-- --------------------------------------------------------

--
-- Table structure for table `instructions`
--

CREATE TABLE `instructions` (
  `id` int(11) NOT NULL,
  `instruction` varchar(400) DEFAULT NULL
) ENGINE=InnoDB DEFAULT CHARSET=utf8mb4 COLLATE=utf8mb4_general_ci;

--
-- Dumping data for table `instructions`
--

INSERT INTO `instructions` (`id`, `instruction`) VALUES
(84, 'sfasdfasdfas'),
(85, 'asdfasdfafsdasdfafsd'),
(86, 'asdfasdfafsasefasasasaaaaaaaaaaaaa'),
(88, 'asdasdfadfssdss'),
(90, '11adadsa'),
(93, 'aaasasasasasaaaaaaaaaaaaaaaaaaaaaaaaaaaadsadsa'),
(94, 'sdasdadssdad'),
(95, 'gfdfg'),
(97, '12');

-- --------------------------------------------------------

--
-- Table structure for table `levels`
--

CREATE TABLE `levels` (
  `id` int(11) NOT NULL,
  `programId` int(11) NOT NULL,
  `name` varchar(200) NOT NULL
) ENGINE=InnoDB DEFAULT CHARSET=utf8mb4 COLLATE=utf8mb4_general_ci;

--
-- Dumping data for table `levels`
--

INSERT INTO `levels` (`id`, `programId`, `name`) VALUES
(1, 1, 'الفرقة الإعدادية'),
(2, 2, 'الفرقة الأولى'),
(3, 2, 'الفرقة الثانية'),
(4, 2, 'الفرقة الثالثة'),
(5, 2, 'الفرقة الرابعة'),
(6, 3, 'الفرقة الأولى'),
(7, 3, 'الفرقة الثانية'),
(8, 3, 'الفرقة الثالثة'),
(9, 3, 'الفرقة الرابعة'),
(10, 4, 'الفرقة الأولى'),
(11, 4, 'الفرقة الثانية'),
(12, 5, 'الفرقة الثالثة'),
(13, 5, 'الفرقة الرابعة'),
(14, 6, 'الفرقة الثالثة'),
(15, 6, 'الفرقة الرابعة'),
(16, 7, 'الفرقة الأولى'),
(17, 7, 'الفرقة الثانية'),
(18, 7, 'الفرقة الثالثة'),
(19, 7, 'الفرقة الرابعة'),
(20, 8, 'الفرقة الأولى'),
(21, 8, 'الفرقة الثانية'),
(22, 8, 'الفرقة الثالثة'),
(23, 8, 'الفرقة الرابعة'),
(24, 9, 'الفرقة الأولى'),
(25, 9, 'الفرقة الثانية'),
(26, 10, 'الفرقة الثالثة'),
(27, 10, 'الفرقة الرابعة'),
(28, 11, 'الفرقة الثالثة'),
(29, 11, 'الفرقة الرابعة'),
(30, 12, 'الفرقة الثالثة'),
(31, 12, 'الفرقة الرابعة'),
(32, 13, 'الفرقة الأولى'),
(33, 14, 'الفرقة الثانية'),
(34, 14, 'الفرقة الثالثة'),
(35, 14, 'الفرقة الرابعة'),
(36, 15, 'الفرقة الثانية'),
(37, 15, 'الفرقة الثالثة'),
(38, 15, 'الفرقة الرابعة'),
(39, 16, 'الفرقة الثانية'),
(40, 16, 'الفرقة الثالثة'),
(41, 16, 'الفرقة الرابعة'),
(42, 17, 'المستوى صفر'),
(43, 17, 'المستوى الأول'),
(44, 17, 'المستوى الثانى'),
(45, 17, 'المستوى الثالث'),
(46, 17, 'المستوى الرابع'),
(47, 18, 'المستوى صفر'),
(48, 18, 'المستوى الأول'),
(49, 18, 'المستوى الثانى'),
(50, 18, 'المستوى الثالث'),
(51, 18, 'المستوى الرابع'),
(52, 19, 'الفرقة الإعدادية'),
(53, 20, 'الفرقة الأولى'),
(54, 20, 'الفرقة الثانية'),
(55, 20, 'الفرقة الثالثة'),
(56, 20, 'الفرقة الرابعة'),
(57, 21, 'الفرقة الأولى'),
(58, 21, 'الفرقة الثانية'),
(59, 21, 'الفرقة الثالثة'),
(60, 21, 'الفرقة الرابعة'),
(61, 22, 'الفرقة الأولى'),
(62, 22, 'الفرقة الثانية'),
(63, 22, 'الفرقة الثالثة'),
(64, 22, 'الفرقة الرابعة'),
(65, 23, 'الفرقة الأولى'),
(66, 23, 'الفرقة الثانية'),
(67, 23, 'الفرقة الثالثة'),
(68, 23, 'الفرقة الرابعة'),
(69, 24, 'الفرقة الأولى'),
(70, 24, 'الفرقة الثانية'),
(71, 24, 'الفرقة الثالثة'),
(72, 24, 'الفرقة الرابعة'),
(73, 25, 'الفرقة الإعدادية'),
(74, 25, 'الفرقة الأولى'),
(75, 25, 'الفرقة الثانية'),
(76, 25, 'الفرقة الثالثة'),
(77, 25, 'الفرقة الرابعة'),
(78, 26, 'الفرقة الإعدادية'),
(79, 26, 'الفرقة الأولى'),
(80, 26, 'الفرقة الثانية'),
(81, 26, 'الفرقة الثالثة'),
(82, 26, 'الفرقة الرابعة'),
(83, 27, 'الفرقة الإعدادية'),
(84, 27, 'الفرقة الأولى'),
(85, 27, 'الفرقة الثانية'),
(86, 27, 'الفرقة الثالثة'),
(87, 27, 'الفرقة الرابعة'),
(88, 28, 'الفرقة الإعدادية'),
(89, 28, 'الفرقة الأولى'),
(90, 28, 'الفرقة الثانية'),
(91, 28, 'الفرقة الثالثة'),
(92, 28, 'الفرقة الرابعة'),
(93, 29, 'المستوى الأول'),
(94, 29, 'المستوى الثانى'),
(95, 30, 'المستوى الثالث'),
(96, 30, 'المستوى الرابع'),
(97, 31, 'المستوى الثالث'),
(98, 31, 'المستوى الرابع'),
(99, 32, 'المستوى الثالث'),
(100, 32, 'المستوى الرابع'),
(101, 33, 'المستوى الأول'),
(102, 33, 'المستوى الثانى'),
(103, 33, 'المستوى الثالث'),
(104, 33, 'المستوى الرابع'),
(105, 34, 'المستوى الأول'),
(106, 34, 'المستوى الثانى'),
(107, 34, 'المستوى الثالث'),
(108, 34, 'المستوى الرابع'),
(109, 35, 'الفرقة الأولى'),
(110, 35, 'الفرقة الثانية'),
(111, 36, 'الفرقة الثالثة'),
(112, 36, 'الفرقة الرابعة'),
(113, 37, 'الفرقة الثالثة'),
(114, 37, 'الفرقة الرابعة'),
(115, 38, 'المستوى الأول'),
(116, 38, 'المستوى الثانى'),
(117, 38, 'المستوى الثالث'),
(118, 38, 'المستوى الرابع'),
(119, 38, 'المستوى الخامس'),
(120, 39, 'المستوى الأول'),
(121, 39, 'المستوى الثانى'),
(122, 39, 'المستوى الثالث'),
(123, 39, 'المستوى الرابع'),
(124, 39, 'المستوى الخامس'),
(125, 40, 'الفرقة الأولى'),
(126, 40, 'الفرقة الثانية'),
(127, 41, 'الفرقة الثالثة'),
(128, 41, 'الفرقة الرابعة'),
(129, 41, 'الفرقة الخامسة'),
(130, 42, 'الفرقة الثالثة'),
(131, 42, 'الفرقة الرابعة'),
(132, 42, 'الفرقة الخامسة'),
(133, 43, 'الفرقة الأولى'),
(134, 43, 'الفرقة الثانية'),
(135, 43, 'الفرقة الثالثة'),
(136, 43, 'الفرقة الرابعة'),
(137, 44, 'الفرقة الأولى'),
(138, 44, 'الفرقة الثانية'),
(139, 44, 'الفرقة الثالثة'),
(140, 44, 'الفرقة الرابعة'),
(141, 45, 'الفرقة الأولى'),
(142, 45, 'الفرقة الثانية'),
(143, 45, 'الفرقة الثالثة'),
(144, 45, 'الفرقة الرابعة'),
(145, 46, 'الفرقة الأولى'),
(146, 46, 'الفرقة الثانية'),
(147, 46, 'الفرقة الثالثة'),
(148, 46, 'الفرقة الرابعة'),
(149, 47, 'الفرقة الأولى'),
(150, 47, 'الفرقة الثانية'),
(151, 47, 'الفرقة الثالثة'),
(152, 47, 'الفرقة الرابعة'),
(153, 48, 'المستوى الأول'),
(154, 48, 'المستوى الثانى'),
(155, 48, 'المستوى الثالث'),
(156, 48, 'المستوى الرابع'),
(157, 49, 'المستوى الأول'),
(158, 49, 'المستوى الثانى'),
(159, 49, 'المستوى الثالث'),
(160, 49, 'المستوى الرابع'),
(161, 50, 'المستوى الأول'),
(162, 50, 'المستوى الثانى'),
(163, 50, 'المستوى الثالث'),
(164, 50, 'المستوى الرابع'),
(165, 51, 'المستوى الأول'),
(166, 51, 'المستوى الثانى'),
(167, 51, 'المستوى الثالث'),
(168, 51, 'المستوى الرابع'),
(169, 52, 'الفرقة الأولى'),
(170, 52, 'الفرقة الثانية'),
(171, 52, 'الفرقة الثالثة'),
(172, 52, 'الفرقة الرابعة'),
(173, 52, 'سنه الامتياز'),
(174, 53, 'المستوى الأول'),
(175, 53, 'المستوى الثانى'),
(176, 53, 'المستوى الثالث'),
(177, 53, 'المستوى الرابع'),
(178, 53, 'سنه الامتياز'),
(179, 54, 'تمهيدى'),
(180, 54, 'المستوى الأول'),
(181, 54, 'المستوى الثانى'),
(182, 54, 'سنه الامتياز'),
(183, 55, 'الفرقة الأولى'),
(184, 55, 'الفرقة الثانية'),
(185, 55, 'المقاصه 6 شهور'),
(186, 55, 'الفرقة الثالثة'),
(187, 55, 'سنه الامتياز'),
(188, 56, 'اعدادى فنون'),
(189, 57, 'الفرقة الأولى'),
(190, 57, 'الفرقة الثانية'),
(191, 58, 'الفرقة الثالثة'),
(192, 58, 'الفرقة الرابعة'),
(193, 59, 'الفرقة الثالثة'),
(194, 59, 'الفرقة الرابعة'),
(195, 60, 'الفرقة الأولى'),
(196, 60, 'الفرقة الثانية'),
(197, 61, 'الفرقة الثالثة'),
(198, 61, 'الفرقة الرابعة'),
(199, 62, 'الفرقة الثالثة'),
(200, 62, 'الفرقة الرابعة'),
(201, 63, 'الفرقة الأولى'),
(202, 63, 'الفرقة الثانية'),
(203, 64, 'الفرقة الثالثة'),
(204, 64, 'الفرقة الرابعة'),
(205, 65, 'الفرقة الثالثة'),
(206, 65, 'الفرقة الرابعة'),
(207, 66, 'الفرقة الثالثة'),
(208, 66, 'الفرقة الرابعة'),
(209, 67, 'اعدادى ديكور'),
(210, 67, 'الفرقة الأولى'),
(211, 67, 'الفرقة الثانية'),
(212, 68, 'الفرقة الثالثة'),
(213, 68, 'الفرقة الرابعة'),
(214, 69, 'الفرقة الثالثة'),
(215, 69, 'الفرقة الرابعة'),
(216, 70, 'اعدادى عمارة'),
(217, 70, 'الفرقة الأولى'),
(218, 70, 'الفرقة الثانية'),
(219, 70, 'الفرقة الثالثة'),
(220, 70, 'الفرقة الرابعة'),
(221, 71, 'المستوى الأول'),
(222, 72, 'المستوى الثانى'),
(223, 72, 'المستوى الثالث'),
(224, 72, 'المستوى الرابع'),
(225, 72, 'المستوى الخامس'),
(226, 73, 'المستوى الثانى'),
(227, 73, 'المستوى الثالث'),
(228, 73, 'المستوى الرابع'),
(229, 73, 'المستوى الخامس'),
(230, 74, 'المستوى الثانى'),
(231, 74, 'المستوى الثالث'),
(232, 74, 'المستوى الرابع'),
(233, 74, 'المستوى الخامس'),
(234, 75, 'المستوى الثانى'),
(235, 75, 'المستوى الثالث'),
(236, 75, 'المستوى الرابع'),
(237, 75, 'المستوى الخامس'),
(238, 76, 'المستوى الثانى'),
(239, 76, 'المستوى الثالث'),
(240, 76, 'المستوى الرابع'),
(241, 76, 'المستوى الخامس'),
(242, 77, 'المستوى الثانى'),
(243, 77, 'المستوى الثالث'),
(244, 77, 'المستوى الرابع'),
(245, 77, 'المستوى الخامس'),
(246, 78, 'المستوى الثانى'),
(247, 78, 'المستوى الثالث'),
(248, 78, 'المستوى الرابع'),
(249, 78, 'المستوى الخامس'),
(250, 79, 'المستوى الثانى'),
(251, 79, 'المستوى الثالث'),
(252, 79, 'المستوى الرابع'),
(253, 79, 'المستوى الخامس'),
(254, 80, 'المستوى الأول'),
(255, 80, 'المستوى الثانى'),
(256, 81, 'المستوى الثالث'),
(257, 81, 'المستوى الرابع'),
(258, 81, 'المستوى الخامس'),
(259, 82, 'المستوى الثالث'),
(260, 82, 'المستوى الرابع'),
(261, 82, 'المستوى الخامس'),
(262, 83, 'المستوى صفر'),
(263, 83, 'المستوى الأول'),
(264, 83, 'المستوى الثانى'),
(265, 83, 'المستوى الثالث'),
(266, 83, 'المستوى الرابع'),
(267, 84, 'المستوى الأول'),
(268, 84, 'المستوى الثانى'),
(269, 84, 'المستوى الثالث'),
(270, 84, 'المستوى الرابع'),
(271, 84, 'المستوى الخامس'),
(272, 85, 'المستوى الأول'),
(273, 86, 'المستوى الثانى'),
(274, 86, 'المستوى الثالث'),
(275, 86, 'المستوى الرابع'),
(276, 87, 'المستوى الثانى'),
(277, 87, 'المستوى الثالث'),
(278, 87, 'المستوى الرابع'),
(279, 88, 'المستوى الثانى'),
(280, 88, 'المستوى الثالث'),
(281, 88, 'المستوى الرابع'),
(282, 89, 'المستوى الثانى'),
(283, 89, 'المستوى الثالث'),
(284, 89, 'المستوى الرابع'),
(285, 90, 'المستوى الثانى'),
(286, 90, 'المستوى الثالث'),
(287, 90, 'المستوى الرابع'),
(288, 91, 'المستوى الثانى'),
(289, 91, 'المستوى الثالث'),
(290, 91, 'المستوى الرابع'),
(291, 92, 'المستوى الثانى'),
(292, 92, 'المستوى الثالث'),
(293, 92, 'المستوى الرابع'),
(294, 93, 'المستوى الثانى'),
(295, 93, 'المستوى الثالث'),
(296, 93, 'المستوى الرابع'),
(297, 94, 'المستوى الأول'),
(298, 95, 'المستوى الثانى'),
(299, 95, 'المستوى الثالث'),
(300, 95, 'المستوى الرابع'),
(301, 96, 'المستوى الثانى'),
(302, 96, 'المستوى الثالث'),
(303, 96, 'المستوى الرابع'),
(304, 97, 'المستوى الثانى'),
(305, 97, 'المستوى الثالث'),
(306, 97, 'المستوى الرابع'),
(307, 98, 'المستوى الثانى'),
(308, 98, 'المستوى الثالث'),
(309, 98, 'المستوى الرابع'),
(310, 99, 'المستوى الثانى'),
(311, 99, 'المستوى الثالث'),
(312, 99, 'المستوى الرابع'),
(313, 100, 'المستوى الثانى'),
(314, 100, 'المستوى الثالث'),
(315, 100, 'المستوى الرابع'),
(316, 101, 'المستوى الثانى'),
(317, 101, 'المستوى الثالث'),
(318, 101, 'المستوى الرابع'),
(319, 102, 'المستوى الأول'),
(320, 102, 'المستوى الثانى'),
(321, 102, 'المستوى الثالث'),
(322, 102, 'المستوى الرابع'),
(323, 103, 'المستوى الأول'),
(324, 104, 'المستوى الثانى'),
(325, 104, 'المستوى الثالث'),
(326, 104, 'المستوى الرابع'),
(327, 105, 'المستوى الثانى'),
(328, 105, 'المستوى الثالث'),
(329, 105, 'المستوى الرابع'),
(330, 106, 'المستوى الثانى'),
(331, 106, 'المستوى الثالث'),
(332, 106, 'المستوى الرابع'),
(333, 107, 'المستوى الأول'),
(334, 108, 'المستوى الثانى'),
(335, 109, 'المستوى الثالث'),
(336, 109, 'المستوى الرابع'),
(337, 110, 'المستوى الثالث'),
(338, 110, 'المستوى الرابع'),
(339, 111, 'المستوى الثالث'),
(340, 111, 'المستوى الرابع'),
(341, 112, 'المستوى الثالث'),
(342, 112, 'المستوى الرابع'),
(343, 113, 'المستوى الثالث'),
(344, 113, 'المستوى الرابع'),
(345, 114, 'المستوى الثالث'),
(346, 114, 'المستوى الرابع'),
(347, 115, 'المستوى الثالث'),
(348, 115, 'المستوى الرابع'),
(349, 116, 'المستوى الثانى'),
(350, 116, 'المستوى الثالث'),
(351, 116, 'المستوى الرابع'),
(352, 117, 'المستوى الثانى'),
(353, 118, 'المستوى الثالث'),
(354, 118, 'المستوى الرابع'),
(355, 119, 'المستوى الثالث'),
(356, 119, 'المستوى الرابع'),
(357, 120, 'المستوى الثالث'),
(358, 120, 'المستوى الرابع'),
(359, 121, 'المستوى الأول'),
(360, 122, 'المستوى الثانى'),
(361, 123, 'المستوى الثالث'),
(362, 123, 'المستوى الرابع'),
(363, 124, 'المستوى الثالث'),
(364, 124, 'المستوى الرابع'),
(365, 125, 'المستوى الثالث'),
(366, 125, 'المستوى الرابع'),
(367, 126, 'المستوى الثالث'),
(368, 126, 'المستوى الرابع'),
(369, 127, 'المستوى الثالث'),
(370, 127, 'المستوى الرابع'),
(371, 128, 'المستوى الثالث'),
(372, 128, 'المستوى الرابع'),
(373, 129, 'المستوى الثالث'),
(374, 129, 'المستوى الرابع'),
(375, 130, 'المستوى الأول'),
(376, 131, 'المستوى الثانى'),
(377, 132, 'المستوى الثالث'),
(378, 132, 'المستوى الرابع'),
(379, 133, 'المستوى الثالث'),
(380, 133, 'المستوى الرابع'),
(381, 134, 'المستوى الثانى'),
(382, 134, 'المستوى الثالث'),
(383, 134, 'المستوى الرابع'),
(384, 135, 'المستوى الأول'),
(385, 135, 'المستوى الثانى'),
(386, 135, 'المستوى الثالث'),
(387, 135, 'المستوى الرابع'),
(388, 136, 'الفرقة الإعدادية'),
(389, 137, 'الفرقة الأولى'),
(390, 137, 'الفرقة الثانية'),
(391, 137, 'الفرقة الثالثة'),
(392, 137, 'الفرقة الرابعة'),
(393, 138, 'الفرقة الأولى'),
(394, 138, 'الفرقة الثانية'),
(395, 138, 'الفرقة الثالثة'),
(396, 138, 'الفرقة الرابعة'),
(397, 139, 'الفرقة الأولى'),
(398, 139, 'الفرقة الثانية'),
(399, 139, 'الفرقة الثالثة'),
(400, 139, 'الفرقة الرابعة'),
(401, 140, 'الفرقة الأولى'),
(402, 140, 'الفرقة الثانية'),
(403, 140, 'الفرقة الثالثة'),
(404, 140, 'الفرقة الرابعة'),
(405, 141, 'الفرقة الأولى'),
(406, 141, 'الفرقة الثانية'),
(407, 141, 'الفرقة الثالثة'),
(408, 141, 'الفرقة الرابعة'),
(409, 142, 'الفرقة الأولى'),
(410, 142, 'الفرقة الثانية'),
(411, 142, 'الفرقة الثالثة'),
(412, 142, 'الفرقة الرابعة'),
(413, 143, 'الفرقة الأولى'),
(414, 143, 'الفرقة الثانية'),
(415, 143, 'الفرقة الثالثة'),
(416, 143, 'الفرقة الرابعة'),
(417, 144, 'الفرقة الأولى'),
(418, 144, 'الفرقة الثانية'),
(419, 144, 'الفرقة الثالثة'),
(420, 144, 'الفرقة الرابعة'),
(421, 145, 'الفرقة الأولى'),
(422, 145, 'الفرقة الثانية'),
(423, 145, 'الفرقة الثالثة'),
(424, 145, 'الفرقة الرابعة'),
(425, 146, 'الفرقة الأولى'),
(426, 146, 'الفرقة الثانية'),
(427, 146, 'الفرقة الثالثة'),
(428, 146, 'الفرقة الرابعة'),
(429, 147, 'الفرقة الأولى'),
(430, 147, 'الفرقة الثانية'),
(431, 147, 'الفرقة الثالثة'),
(432, 147, 'الفرقة الرابعة'),
(433, 148, 'الفرقة الأولى'),
(434, 148, 'الفرقة الثانية'),
(435, 148, 'الفرقة الثالثة'),
(436, 148, 'الفرقة الرابعة'),
(437, 149, 'الفرقة الأولى'),
(438, 149, 'الفرقة الثانية'),
(439, 149, 'الفرقة الثالثة'),
(440, 149, 'الفرقة الرابعة'),
(441, 150, 'الفرقة الأولى'),
(442, 150, 'الفرقة الثانية'),
(443, 150, 'الفرقة الثالثة'),
(444, 150, 'الفرقة الرابعة'),
(445, 151, 'الفرقة الإعدادية'),
(446, 151, 'الفرقة الأولى'),
(447, 151, 'الفرقة الثانية'),
(448, 151, 'الفرقة الثالثة'),
(449, 151, 'الفرقة الرابعة'),
(450, 152, 'الفرقة الإعدادية'),
(451, 152, 'الفرقة الأولى'),
(452, 152, 'الفرقة الثانية'),
(453, 152, 'الفرقة الثالثة'),
(454, 152, 'الفرقة الرابعة'),
(455, 153, 'الفرقة الإعدادية'),
(456, 153, 'الفرقة الأولى'),
(457, 153, 'الفرقة الثانية'),
(458, 153, 'الفرقة الثالثة'),
(459, 153, 'الفرقة الرابعة'),
(460, 154, 'الفرقة الأولى'),
(461, 154, 'الفرقة الثانية'),
(462, 154, 'الفرقة الثالثة'),
(463, 154, 'الفرقة الرابعة'),
(464, 154, 'الفرقة الخامسة'),
(465, 155, 'الفرقة الأولى'),
(466, 155, 'الفرقة الثانية'),
(467, 155, 'الفرقة الثالثة'),
(468, 155, 'الفرقة الرابعة'),
(469, 155, 'الفرقة الخامسة'),
(470, 156, 'الفرقة الأولى'),
(471, 156, 'الفرقة الثانية'),
(472, 156, 'الفرقة الثالثة'),
(473, 156, 'الفرقة الرابعة'),
(474, 157, 'الفرقة الأولى'),
(475, 157, 'الفرقة الثانية'),
(476, 157, 'الفرقة الثالثة'),
(477, 157, 'الفرقة الرابعة'),
(478, 158, 'الفرقة الأولى'),
(479, 159, 'الفرقة الثانية'),
(480, 159, 'الفرقة الثالثة'),
(481, 159, 'الفرقة الرابعة'),
(482, 160, 'الفرقة الثانية'),
(483, 160, 'الفرقة الثالثة'),
(484, 160, 'الفرقة الرابعة'),
(485, 161, 'الفرقة الأولى'),
(486, 161, 'الفرقة الثانية'),
(487, 161, 'الفرقة الثالثة'),
(488, 161, 'الفرقة الرابعة'),
(489, 162, 'الفرقة الأولى'),
(490, 162, 'الفرقة الثانية'),
(491, 162, 'الفرقة الثالثة'),
(492, 162, 'الفرقة الرابعة'),
(493, 163, 'الفرقة الأولى'),
(494, 163, 'الفرقة الثانية'),
(495, 163, 'الفرقة الثالثة'),
(496, 163, 'الفرقة الرابعة'),
(497, 164, 'الفرقة الأولى'),
(498, 164, 'الفرقة الثانية'),
(499, 164, 'الفرقة الثالثة'),
(500, 164, 'الفرقة الرابعة'),
(501, 165, 'الفرقة الأولى'),
(502, 165, 'الفرقة الثانية'),
(503, 165, 'الفرقة الثالثة'),
(504, 165, 'الفرقة الرابعة'),
(505, 166, 'الفرقة الأولى'),
(506, 166, 'الفرقة الثانية'),
(507, 166, 'الفرقة الثالثة'),
(508, 166, 'الفرقة الرابعة'),
(509, 167, 'الفرقة الأولى'),
(510, 167, 'الفرقة الثانية'),
(511, 167, 'الفرقة الثالثة'),
(512, 167, 'الفرقة الرابعة'),
(513, 168, 'الفرقة الأولى'),
(514, 169, 'الفرقة الثانية'),
(515, 169, 'الفرقة الثالثة'),
(516, 169, 'الفرقة الرابعة'),
(517, 170, 'الفرقة الثانية'),
(518, 170, 'الفرقة الثالثة'),
(519, 170, 'الفرقة الرابعة'),
(520, 171, 'الفرقة الأولى'),
(521, 171, 'الفرقة الثانية'),
(522, 171, 'الفرقة الثالثة'),
(523, 171, 'الفرقة الرابعة'),
(524, 172, 'الفرقة الأولى'),
(525, 172, 'الفرقة الثانية'),
(526, 172, 'الفرقة الثالثة'),
(527, 172, 'الفرقة الرابعة'),
(528, 173, 'الفرقة الأولى'),
(529, 173, 'الفرقة الثانية'),
(530, 174, 'الفرقة الثالثة'),
(531, 174, 'الفرقة الرابعة'),
(532, 175, 'الفرقة الثالثة'),
(533, 175, 'الفرقة الرابعة'),
(534, 176, 'الفرقة الثالثة'),
(535, 176, 'الفرقة الرابعة'),
(536, 177, 'الفرقة الثالثة'),
(537, 177, 'الفرقة الرابعة'),
(538, 178, 'الفرقة الأولى'),
(539, 178, 'الفرقة الثانية'),
(540, 179, 'الفرقة الثالثة'),
(541, 179, 'الفرقة الرابعة'),
(542, 180, 'الفرقة الثالثة'),
(543, 180, 'الفرقة الرابعة'),
(544, 181, 'الفرقة الثالثة'),
(545, 181, 'الفرقة الرابعة'),
(546, 182, 'الفرقة الثالثة'),
(547, 182, 'الفرقة الرابعة'),
(548, 183, 'الفرقة الأولى'),
(549, 183, 'الفرقة الثانية'),
(550, 183, 'الفرقة الثالثة'),
(551, 183, 'الفرقة الرابعة'),
(552, 184, 'الفرقة الأولى'),
(553, 184, 'الفرقة الثانية'),
(554, 184, 'الفرقة الثالثة'),
(555, 184, 'الفرقة الرابعة'),
(556, 185, 'الفرقة الأولى'),
(557, 185, 'الفرقة الثانية'),
(558, 185, 'الفرقة الثالثة'),
(559, 185, 'الفرقة الرابعة'),
(560, 186, 'الفرقة الأولى'),
(561, 186, 'الفرقة الثانية'),
(562, 187, 'الفرقة الثالثة'),
(563, 187, 'الفرقة الرابعة'),
(564, 188, 'الفرقة الثالثة'),
(565, 188, 'الفرقة الرابعة'),
(566, 189, 'الفرقة الثالثة'),
(567, 189, 'الفرقة الرابعة'),
(568, 190, 'الفرقة الثالثة'),
(569, 190, 'الفرقة الرابعة'),
(570, 191, 'الفرقة الثالثة'),
(571, 191, 'الفرقة الرابعة'),
(572, 192, 'الفرقة الثالثة'),
(573, 192, 'الفرقة الرابعة'),
(574, 193, 'الفرقة الأولى'),
(575, 193, 'الفرقة الثانية'),
(576, 194, 'الفرقة الثالثة'),
(577, 194, 'الفرقة الرابعة'),
(578, 195, 'الفرقة الثالثة'),
(579, 195, 'الفرقة الرابعة'),
(580, 196, 'الفرقة الثالثة'),
(581, 196, 'الفرقة الرابعة'),
(582, 197, 'الفرقة الثالثة'),
(583, 197, 'الفرقة الرابعة'),
(584, 198, 'الفرقة الثالثة'),
(585, 198, 'الفرقة الرابعة'),
(586, 199, 'الفرقة الثالثة'),
(587, 199, 'الفرقة الرابعة'),
(588, 200, 'الفرقة الأولى'),
(589, 200, 'الفرقة الثانية'),
(590, 201, 'الفرقة الثالثة'),
(591, 201, 'الفرقة الرابعة'),
(592, 202, 'الفرقة الثالثة'),
(593, 202, 'الفرقة الرابعة'),
(594, 203, 'الفرقة الثالثة'),
(595, 203, 'الفرقة الرابعة'),
(596, 204, 'الفرقة الأولى'),
(597, 205, 'الفرقة الثانية'),
(598, 205, 'الفرقة الثالثة'),
(599, 205, 'الفرقة الرابعة'),
(600, 206, 'الفرقة الثانية'),
(601, 206, 'الفرقة الثالثة'),
(602, 206, 'الفرقة الرابعة'),
(603, 207, 'الفرقة الثانية'),
(604, 207, 'الفرقة الثالثة'),
(605, 207, 'الفرقة الرابعة'),
(606, 208, 'الفرقة الأولى'),
(607, 208, 'الفرقة الثانية'),
(608, 208, 'الفرقة الثالثة'),
(609, 208, 'الفرقة الرابعة'),
(610, 209, 'الفرقة الأولى'),
(611, 209, 'الفرقة الثانية'),
(612, 209, 'الفرقة الثالثة'),
(613, 209, 'الفرقة الرابعة'),
(614, 210, 'الفرقة الأولى'),
(615, 210, 'الفرقة الثانية'),
(616, 211, 'الفرقة الثالثة'),
(617, 211, 'الفرقة الرابعة'),
(618, 212, 'الفرقة الثالثة'),
(619, 212, 'الفرقة الرابعة'),
(620, 213, 'الفرقة الثالثة'),
(621, 213, 'الفرقة الرابعة'),
(622, 214, 'الفرقة الأولى'),
(623, 214, 'الفرقة الثانية'),
(624, 214, 'الفرقة الثالثة'),
(625, 214, 'الفرقة الرابعة'),
(626, 215, 'الفرقة الأولى'),
(627, 215, 'الفرقة الثانية'),
(628, 215, 'الفرقة الثالثة'),
(629, 215, 'الفرقة الرابعة'),
(630, 216, 'الفرقة الأولى'),
(631, 216, 'الفرقة الثانية'),
(632, 216, 'الفرقة الثالثة'),
(633, 216, 'الفرقة الرابعة'),
(634, 217, 'الفرقة الاولى'),
(635, 218, 'الفرقة الثانية'),
(636, 218, 'الفرقة الثالثة'),
(637, 218, 'الفرقة الرابعة'),
(638, 219, 'الفرقة الثانية'),
(639, 219, 'الفرقة الثالثة'),
(640, 219, 'الفرقة الرابعة'),
(641, 220, 'الفرقة الثانية'),
(642, 220, 'الفرقة الثالثة'),
(643, 220, 'الفرقة الرابعة'),
(644, 221, 'الفرقة الثانية'),
(645, 221, 'الفرقة الثالثة'),
(646, 221, 'الفرقة الرابعة'),
(647, 222, 'الفرقة الثانية'),
(648, 222, 'الفرقة الثالثة'),
(649, 222, 'الفرقة الرابعة'),
(650, 223, 'الفرقة الأولى'),
(651, 223, 'الفرقة الثانية'),
(652, 223, 'الفرقة الثالثة'),
(653, 223, 'الفرقة الرابعة'),
(654, 224, 'المستوى الاولى'),
(655, 225, 'المستوى الثانى'),
(656, 225, 'المستوى الثالث'),
(657, 225, 'المستوى الرابع'),
(658, 226, 'المستوى الثانى'),
(659, 226, 'المستوى الثالث'),
(660, 226, 'المستوى الرابع'),
(661, 227, 'المستوى الثانى'),
(662, 227, 'المستوى الثالث'),
(663, 227, 'المستوى الرابع'),
(664, 228, 'المستوى الثانى'),
(665, 228, 'المستوى الثالث'),
(666, 228, 'المستوى الرابع'),
(667, 229, 'المستوى الثانى'),
(668, 229, 'المستوى الثالث'),
(669, 229, 'المستوى الرابع'),
(670, 230, 'الفرقة الأولى'),
(671, 230, 'الفرقة الثانية'),
(672, 230, 'الفرقة الثالثة'),
(673, 230, 'الفرقة الرابعة'),
(674, 231, 'الفرقة الأولى'),
(675, 231, 'الفرقة الثانية'),
(676, 231, 'الفرقة الثالثة'),
(677, 231, 'الفرقة الرابعة'),
(678, 232, 'الفرقة الأولى'),
(679, 232, 'الفرقة الثانية'),
(680, 232, 'الفرقة الثالثة'),
(681, 232, 'الفرقة الرابعة'),
(682, 233, 'الفرقة الأولى'),
(683, 233, 'الفرقة الثانية'),
(684, 233, 'الفرقة الثالثة'),
(685, 233, 'الفرقة الرابعة'),
(686, 234, 'الفرقة الأولى'),
(687, 234, 'الفرقة الثانية'),
(688, 234, 'الفرقة الثالثة'),
(689, 234, 'الفرقة الرابعة'),
(690, 235, 'الفرقة الأولى'),
(691, 235, 'الفرقة الثانية'),
(692, 235, 'الفرقة الثالثة'),
(693, 235, 'الفرقة الرابعة'),
(694, 236, 'الفرقة الأولى'),
(695, 236, 'الفرقة الثانية'),
(696, 236, 'الفرقة الثالثة'),
(697, 236, 'الفرقة الرابعة'),
(698, 237, 'الفرقة الأولى'),
(699, 237, 'الفرقة الثانية'),
(700, 237, 'الفرقة الثالثة'),
(701, 237, 'الفرقة الرابعة'),
(702, 238, 'الفرقة الأولى'),
(703, 238, 'الفرقة الثانية'),
(704, 238, 'الفرقة الثالثة'),
(705, 238, 'الفرقة الرابعة'),
(706, 239, 'الفرقة الأولى'),
(707, 239, 'الفرقة الثانية'),
(708, 239, 'الفرقة الثالثة'),
(709, 239, 'الفرقة الرابعة'),
(710, 240, 'الفرقة الأولى'),
(711, 240, 'الفرقة الثانية'),
(712, 240, 'الفرقة الثالثة'),
(713, 240, 'الفرقة الرابعة'),
(714, 241, 'الفرقة الأولى'),
(715, 241, 'الفرقة الثانية'),
(716, 241, 'الفرقة الثالثة'),
(717, 241, 'الفرقة الرابعة'),
(718, 242, 'الفرقة الأولى'),
(719, 242, 'الفرقة الثانية'),
(720, 242, 'الفرقة الثالثة'),
(721, 242, 'الفرقة الرابعة'),
(722, 243, 'الفرقة الأولى'),
(723, 243, 'الفرقة الثانية'),
(724, 243, 'الفرقة الثالثة'),
(725, 243, 'الفرقة الرابعة'),
(726, 244, 'الفرقة الأولى'),
(727, 244, 'الفرقة الثانية'),
(728, 244, 'الفرقة الثالثة'),
(729, 244, 'الفرقة الرابعة'),
(730, 245, 'الفرقة الأولى'),
(731, 245, 'الفرقة الثانية'),
(732, 245, 'الفرقة الثالثة'),
(733, 245, 'الفرقة الرابعة'),
(734, 246, 'الفرقة الأولى'),
(735, 246, 'الفرقة الثانية'),
(736, 246, 'الفرقة الثالثة'),
(737, 246, 'الفرقة الرابعة'),
(738, 247, 'الفرقة الأولى'),
(739, 247, 'الفرقة الثانية'),
(740, 247, 'الفرقة الثالثة'),
(741, 247, 'الفرقة الرابعة'),
(742, 248, 'الفرقة الأولى'),
(743, 248, 'الفرقة الثانية'),
(744, 248, 'الفرقة الثالثة'),
(745, 248, 'الفرقة الرابعة'),
(746, 249, 'الفرقة الأولى'),
(747, 249, 'الفرقة الثانية'),
(748, 249, 'الفرقة الثالثة'),
(749, 249, 'الفرقة الرابعة'),
(750, 250, 'الفرقة الأولى'),
(751, 250, 'الفرقة الثانية'),
(752, 250, 'الفرقة الثالثة'),
(753, 250, 'الفرقة الرابعة'),
(754, 251, 'الفرقة الأولى'),
(755, 251, 'الفرقة الثانية'),
(756, 251, 'الفرقة الثالثة'),
(757, 251, 'الفرقة الرابعة'),
(758, 252, 'الفرقة الأولى'),
(759, 252, 'الفرقة الثانية'),
(760, 253, 'الفرقة الثالثة'),
(761, 253, 'الفرقة الرابعة'),
(762, 254, 'الفرقة الثالثة'),
(763, 254, 'الفرقة الرابعة'),
(764, 255, 'الفرقة الأولى'),
(765, 255, 'الفرقة الثانية'),
(766, 255, 'الفرقة الثالثة'),
(767, 255, 'الفرقة الرابعة'),
(768, 256, 'الفرقة الأولى'),
(769, 256, 'الفرقة الثانية'),
(770, 256, 'الفرقة الثالثة'),
(771, 256, 'الفرقة الرابعة'),
(772, 257, 'الفرقة الأولى'),
(773, 257, 'الفرقة الثانية'),
(774, 257, 'الفرقة الثالثة'),
(775, 257, 'الفرقة الرابعة'),
(776, 258, 'الفرقة الأولى'),
(777, 258, 'الفرقة الثانية'),
(778, 258, 'الفرقة الثالثة'),
(779, 258, 'الفرقة الرابعة'),
(780, 259, 'الفرقة الأولى'),
(781, 259, 'الفرقة الثانية'),
(782, 259, 'الفرقة الثالثة'),
(783, 259, 'الفرقة الرابعة'),
(784, 260, 'الفرقة الأولى'),
(785, 260, 'الفرقة الثانية'),
(786, 260, 'الفرقة الثالثة'),
(787, 260, 'الفرقة الرابعة'),
(788, 261, 'الفرقة الأولى'),
(789, 261, 'الفرقة الثانية'),
(790, 261, 'الفرقة الثالثة'),
(791, 261, 'الفرقة الرابعة'),
(792, 262, 'الفرقة الأولى'),
(793, 262, 'الفرقة الثانية'),
(794, 262, 'الفرقة الثالثة'),
(795, 262, 'الفرقة الرابعة'),
(796, 263, 'الفرقة الأولى'),
(797, 263, 'الفرقة الثانية'),
(798, 263, 'الفرقة الثالثة'),
(799, 263, 'الفرقة الرابعة'),
(800, 264, 'الفرقة الأولى'),
(801, 264, 'الفرقة الثانية'),
(802, 264, 'الفرقة الثالثة'),
(803, 264, 'الفرقة الرابعة'),
(804, 265, 'الفرقة الأولى'),
(805, 265, 'الفرقة الثانية'),
(806, 265, 'الفرقة الثالثة'),
(807, 265, 'الفرقة الرابعة'),
(808, 266, 'الفرقة الأولى'),
(809, 266, 'الفرقة الثانية'),
(810, 266, 'الفرقة الثالثة'),
(811, 266, 'الفرقة الرابعة'),
(812, 267, 'الفرقة الأولى'),
(813, 267, 'الفرقة الثانية'),
(814, 267, 'الفرقة الثالثة'),
(815, 267, 'الفرقة الرابعة'),
(816, 268, 'الفرقة الأولى'),
(817, 268, 'الفرقة الثانية'),
(818, 268, 'الفرقة الثالثة'),
(819, 268, 'الفرقة الرابعة'),
(820, 269, 'الفرقة الأولى'),
(821, 269, 'الفرقة الثانية'),
(822, 269, 'الفرقة الثالثة'),
(823, 269, 'الفرقة الرابعة'),
(824, 270, 'الفرقة الأولى'),
(825, 270, 'الفرقة الثانية'),
(826, 270, 'الفرقة الثالثة'),
(827, 270, 'الفرقة الرابعة'),
(828, 271, 'الفرقة الأولى'),
(829, 271, 'الفرقة الثانية'),
(830, 271, 'الفرقة الثالثة'),
(831, 271, 'الفرقة الرابعة'),
(832, 272, 'الفرقة الأولى'),
(833, 272, 'الفرقة الثانية'),
(834, 272, 'الفرقة الثالثة'),
(835, 272, 'الفرقة الرابعة'),
(836, 273, 'الفرقة الأولى'),
(837, 273, 'الفرقة الثانية'),
(838, 273, 'الفرقة الثالثة'),
(839, 273, 'الفرقة الرابعة'),
(840, 274, 'الفرقة الأولى'),
(841, 274, 'الفرقة الثانية'),
(842, 274, 'الفرقة الثالثة'),
(843, 274, 'الفرقة الرابعة'),
(844, 275, 'الفرقة الأولى'),
(845, 275, 'الفرقة الثانية'),
(846, 275, 'الفرقة الثالثة'),
(847, 275, 'الفرقة الرابعة'),
(848, 276, 'الفرقة الأولى'),
(849, 276, 'الفرقة الثانية'),
(850, 276, 'الفرقة الثالثة'),
(851, 276, 'الفرقة الرابعة'),
(852, 277, 'الفرقة الأولى'),
(853, 277, 'الفرقة الثانية'),
(854, 277, 'الفرقة الثالثة'),
(855, 277, 'الفرقة الرابعة'),
(856, 278, 'الفرقة الأولى'),
(857, 278, 'الفرقة الثانية'),
(858, 278, 'الفرقة الثالثة'),
(859, 278, 'الفرقة الرابعة'),
(860, 279, 'الفرقة الأولى'),
(861, 279, 'الفرقة الثانية'),
(862, 279, 'الفرقة الثالثة'),
(863, 279, 'الفرقة الرابعة'),
(864, 280, 'الفرقة التحضيرية'),
(865, 280, 'الفرقة الأولى'),
(866, 280, 'الفرقة الثانية'),
(867, 280, 'الفرقة الثالثة'),
(868, 280, 'الفرقة الرابعة'),
(869, 281, 'الفرقة الأولى'),
(870, 281, 'الفرقة الثانية'),
(871, 282, 'الفرقة الثالثة'),
(872, 282, 'الفرقة الرابعة'),
(873, 283, 'الفرقة الثالثة'),
(874, 283, 'الفرقة الرابعة'),
(875, 284, 'الفرقة الثالثة'),
(876, 284, 'الفرقة الرابعة'),
(877, 285, 'الفرقة الثالثة'),
(878, 285, 'الفرقة الرابعة'),
(879, 286, 'الفرقة الثالثة'),
(880, 286, 'الفرقة الرابعة'),
(881, 287, 'الفرقة الثالثة'),
(882, 287, 'الفرقة الرابعة'),
(883, 288, 'الفرقة الثالثة'),
(884, 288, 'الفرقة الرابعة'),
(885, 289, 'الفرقة الأولى'),
(886, 289, 'الفرقة الثانية'),
(887, 290, 'الفرقة الثالثة'),
(888, 290, 'الفرقة الرابعة'),
(889, 291, 'الفرقة الثالثة'),
(890, 291, 'الفرقة الرابعة'),
(891, 292, 'الفرقة الثالثة'),
(892, 292, 'الفرقة الرابعة'),
(893, 293, 'الفرقة الثالثة'),
(894, 293, 'الفرقة الرابعة'),
(895, 294, 'الفرقة الثالثة'),
(896, 294, 'الفرقة الرابعة'),
(897, 295, 'الفرقة الأولى'),
(898, 295, 'الفرقة الثانية'),
(899, 296, 'الفرقة الثالثة'),
(900, 296, 'الفرقة الرابعة'),
(901, 297, 'الفرقة الثالثة'),
(902, 297, 'الفرقة الرابعة'),
(903, 298, 'الفرقة الثالثة'),
(904, 298, 'الفرقة الرابعة'),
(905, 299, 'الفرقة الثالثة'),
(906, 299, 'الفرقة الرابعة'),
(907, 300, 'الفرقة الثالثة'),
(908, 300, 'الفرقة الرابعة'),
(909, 301, 'الفرقة الثالثة'),
(910, 301, 'الفرقة الرابعة'),
(911, 302, 'الفرقة الأولى'),
(912, 302, 'الفرقة الثانية'),
(913, 303, 'الفرقة الثالثة'),
(914, 303, 'الفرقة الرابعة'),
(915, 304, 'الفرقة الثالثة'),
(916, 304, 'الفرقة الرابعة'),
(917, 305, 'الفرقة الثالثة'),
(918, 305, 'الفرقة الرابعة'),
(919, 306, 'الفرقة الثالثة'),
(920, 306, 'الفرقة الرابعة'),
(921, 307, 'الفرقة الثالثة'),
(922, 307, 'الفرقة الرابعة'),
(923, 308, 'المستوى الأول'),
(924, 308, 'المستوى الثانى'),
(925, 308, 'المستوى الثالث'),
(926, 308, 'المستوى الرابع'),
(927, 309, 'المستوى الأول'),
(928, 309, 'المستوى الثانى'),
(929, 309, 'المستوى الثالث'),
(930, 309, 'المستوى الرابع'),
(931, 310, 'الفرقة الأولى'),
(932, 310, 'الفرقة الثانية'),
(933, 311, 'الفرقة الأولى'),
(934, 311, 'الفرقة الثانية'),
(935, 311, 'الفرقة الثالثة'),
(936, 312, 'الفرقة الأولى'),
(937, 312, 'الفرقة الثانية'),
(938, 313, 'الفرقة الثالثة'),
(939, 313, 'الفرقة الرابعة'),
(940, 314, 'الفرقة الثالثة'),
(941, 314, 'الفرقة الرابعة'),
(942, 315, 'الفرقة الثالثة'),
(943, 315, 'الفرقة الرابعة'),
(944, 316, 'الفرقة الثالثة'),
(945, 316, 'الفرقة الرابعة'),
(946, 317, 'الفرقة الثالثة'),
(947, 317, 'الفرقة الرابعة'),
(948, 318, 'الفرقة الثالثة'),
(949, 318, 'الفرقة الرابعة'),
(950, 319, 'الفرقة الثالثة'),
(951, 319, 'الفرقة الرابعة'),
(952, 320, 'الفرقة الثالثة'),
(953, 320, 'الفرقة الرابعة'),
(954, 321, 'الفرقة الثالثة'),
(955, 321, 'الفرقة الرابعة'),
(956, 322, 'الفرقة الثالثة'),
(957, 322, 'الفرقة الرابعة'),
(958, 323, 'الفرقة الثالثة'),
(959, 323, 'الفرقة الرابعة'),
(960, 324, 'الفرقة الأولى'),
(961, 324, 'الفرقة الثانية'),
(962, 324, 'الفرقة الثالثة'),
(963, 325, 'الفرقة الرابعة'),
(964, 326, 'الفرقة الرابعة'),
(965, 327, 'الفرقة الرابعة');

-- --------------------------------------------------------

--
-- Table structure for table `logs`
--

CREATE TABLE `logs` (
  `id` int(11) NOT NULL,
  `adminId` int(11) NOT NULL,
  `adminName` varchar(200) NOT NULL,
  `adminUsername` varchar(200) NOT NULL,
  `action` varchar(300) NOT NULL,
  `objectId` varchar(100) NOT NULL,
  `objectName` varchar(200) NOT NULL,
  `dateTime` datetime NOT NULL
) ENGINE=InnoDB DEFAULT CHARSET=utf8mb4 COLLATE=utf8mb4_general_ci;

--
-- Dumping data for table `logs`
--

INSERT INTO `logs` (`id`, `adminId`, `adminName`, `adminUsername`, `action`, `objectId`, `objectName`, `dateTime`) VALUES
(50, 1, 'omar', 'omar1', 'اضافه مبني جديد بأسم \"2231\" لمدينه \"town 1\"', '29', '2231', '2024-02-21 17:05:15'),
(51, 1, 'omar', 'omar1', ' ازاله مبني بأسم \"2231\" من مدينه \"town 1\"', '29', '2231', '2024-02-21 17:05:16'),
(52, 1, 'omar', 'omar1', 'اضافه دور برقم \"4\" لمبني \"building 1\" في مدينه \"town 1\"', '24', '4', '2024-02-21 17:05:38'),
(53, 1, 'omar', 'omar1', 'ازاله دور برقم \"4\" من مبني \"building 1\" في مدينه \"town 1\"', '24', '4', '2024-02-21 17:05:38'),
(54, 1, 'omar', 'omar1', 'اضافه موظف جديد بالاسم omar', '3', 'omar', '2024-03-03 11:50:54'),
(55, 1, 'omar', 'omar1', 'اضافه رسوم للطالب testname و الرقم القومي 12345 بقيمه 132', '12345', 'testname', '2024-03-11 00:05:02'),
(56, 1, 'omar', 'omar1', 'اضافه رسوم للطالب testname و الرقم القومي 12345 بقيمه hk', '12345', 'testname', '2024-03-11 00:05:36');

-- --------------------------------------------------------

--
-- Table structure for table `penalties`
--

CREATE TABLE `penalties` (
  `id` int(11) NOT NULL,
  `type` varchar(100) DEFAULT NULL,
  `reason` varchar(200) DEFAULT NULL,
  `date` varchar(30) DEFAULT NULL,
  `studentId` int(11) DEFAULT NULL
) ENGINE=InnoDB DEFAULT CHARSET=utf8mb4 COLLATE=utf8mb4_general_ci;

--
-- Dumping data for table `penalties`
--

INSERT INTO `penalties` (`id`, `type`, `reason`, `date`, `studentId`) VALUES
(1, 'option2', 'dasda', '2023-12-13', 3),
(2, 'option3', 'penalty 27897', '2023-12-14', 3),
(3, 'option3', 'sdadsa', '2023-12-05', 3),
(4, 'option1', 'naughty', '2023-11-30', 1),
(5, 'option3', 'mamta7ansh', '2023-11-16', 1);

-- --------------------------------------------------------

--
-- Table structure for table `programs`
--

CREATE TABLE `programs` (
  `id` int(11) NOT NULL,
  `departmentId` int(11) NOT NULL,
  `name` varchar(200) NOT NULL
) ENGINE=InnoDB DEFAULT CHARSET=utf8mb4 COLLATE=utf8mb4_general_ci;

--
-- Dumping data for table `programs`
--

INSERT INTO `programs` (`id`, `departmentId`, `name`) VALUES
(1, 1, 'الفرقة الإعدادية'),
(2, 2, 'هندسة الحاسبات والنظم'),
(3, 3, 'هندسة الأتصالات والألكترونيات'),
(4, 4, 'هندسة الإلكترونيات والاتصالات والحاسبات'),
(5, 4, 'هندسة الالكترونيات والاتصالات الكهربائية'),
(6, 4, 'هندسة الحاسبات والبرمجيات'),
(7, 5, 'الهندسة الحيوية الطبية'),
(8, 6, 'هندسة القوى والألات الكهربية'),
(9, 7, 'الهندسة الميكانيكية'),
(10, 7, 'هندسة الإنتاج'),
(11, 7, 'الهندسة الصناعية'),
(12, 7, 'هندسة الميكاترونيات'),
(13, 8, 'الهندسة الميكانيكية'),
(14, 8, 'هندسة إنتاج'),
(15, 8, 'الهندسة الصناعية'),
(16, 8, 'هندسة الميكاترونيات'),
(17, 9, 'هندسة الإتصالات والمعلومات'),
(18, 10, 'هندسة القوى والوقاية الكهربية'),
(19, 11, 'الفرقة الإعدادية'),
(20, 12, 'الهندسة المدنية'),
(21, 13, 'التصميم الميكانيكى'),
(22, 14, 'هندسة السيارات والجرارات'),
(23, 15, 'هندسة القوى الميكانيكية'),
(24, 16, 'الهندسة المعمارية'),
(25, 17, 'ھندسة الطاقة'),
(26, 18, 'العمارة بالتكنولوجیا الرقمیة'),
(27, 19, 'هندسة إدارة المشروعات والتشیید المستدام'),
(28, 20, 'ھندسة المیكاترونیات بالسیارات'),
(29, 21, 'البرنامج العام'),
(30, 21, 'نظم المعلومات'),
(31, 21, 'علوم الحاسب'),
(32, 21, 'تكنولوجيا المعلومات'),
(33, 22, 'هندسه البرمجيات'),
(34, 23, 'معلوماتيه طبيه'),
(35, 24, 'المرحله الاولى'),
(36, 24, 'المرحله الثانيه'),
(37, 25, 'البرنامج العام (لائحة قديمة)'),
(38, 26, 'بكالوريوس الصيدلة (فارم دى)'),
(39, 27, 'بكالوريوس الصيدلة (فارم د اكلينيكية)'),
(40, 28, 'شعبه عامه'),
(41, 28, 'التثقيف بالفن'),
(42, 28, 'التربية الفنية'),
(43, 29, 'تكنولوجيا الالكترونيات'),
(44, 30, 'تكنولوجيا الانتاج'),
(45, 31, 'تكنولوجيا التبريد والتكييف'),
(46, 32, 'تكنولوجيا السيارات والجرارات'),
(47, 33, 'تكنولوجيا الكهرباء'),
(48, 34, 'البرنامج العام عربى انتظام'),
(49, 35, 'البرنامج العام عربى انتساب'),
(50, 36, 'البرنامج العام لغات انتظام'),
(51, 37, 'البرنامج العام لغات انتساب'),
(52, 38, 'برنامج البكالويوس في علوم التمريض (لائحة جديده)'),
(53, 39, 'برنامج البكالويوس في علوم التمريض (لائحه قديمه)'),
(54, 40, 'برنامج البكالوريوس المكثف'),
(55, 41, 'البرنامج التخصصى'),
(56, 42, 'الشعبه العامه الفنون'),
(57, 42, 'الجرافيك'),
(58, 42, 'الجرافيك - الرسوم المطبوعة'),
(59, 42, 'الجرافيك - الرسوم المتحركة وفن الكتاب'),
(60, 42, 'التصوير'),
(61, 42, 'التصوير - التصوير'),
(62, 42, 'التصوير - دارى'),
(63, 42, 'النحت'),
(64, 42, 'النحت - العرائس و الأقنعة'),
(65, 42, 'النحت - الميدالية والنحت البارز'),
(66, 42, 'النحت - النحت الميداني والفراغي'),
(67, 43, 'الديكور'),
(68, 43, 'الفنون التعبيرية'),
(69, 43, 'العمارة الداخلية'),
(70, 44, 'العمارة'),
(71, 45, 'الشعبه العامه الفنون'),
(72, 45, 'الجرافيك - برنامج فنون الجرافيك والطباعة'),
(73, 45, 'الجرافيك - برنامج فنون الكتاب والوسائط المتعددة'),
(74, 45, 'الجرافيك - برنامج فنون التحريك'),
(75, 45, 'التصوير - برنامج التصوير'),
(76, 45, 'التصوير - برنامج التصوير الجدارى'),
(77, 45, 'النحت - برنامج النحت الميداني'),
(78, 45, 'النحت - برنامج النحت الجدارى'),
(79, 45, 'النحت - برنامج العرائس والأقنعة'),
(80, 46, 'الديكور'),
(81, 46, 'برنامج العمارة الداخلية'),
(82, 46, 'برنامج السينوجرافيا'),
(83, 47, 'العمارة'),
(84, 48, 'العمارة'),
(85, 49, 'مجموعة العلوم الطبيعية'),
(86, 49, 'الرياضيات'),
(87, 49, 'الرياضيات وعلوم الحاسب'),
(88, 49, 'الاحصاء وعلوم الحاسب'),
(89, 49, 'الفيزياء'),
(90, 49, 'الفيزياء الحيوية الطبية'),
(91, 49, 'علوم الفضاء'),
(92, 49, 'الكيمياء'),
(93, 49, 'الكيمياء التطبيقية'),
(94, 50, 'مجموعة العلوم البيولوجية'),
(95, 50, 'الكيمياء الحيوية'),
(96, 50, 'النبات'),
(97, 50, 'النبات والكيمياء'),
(98, 50, 'الميكروبيولوجى'),
(99, 50, 'الميكروبيولوجى والكيمياء الحيوية'),
(100, 50, 'علم الحيوان'),
(101, 50, 'علم الحيوان والكيمياء'),
(102, 51, 'التكنولوجيا الحيوية الجزيئية'),
(103, 52, 'مجموعة علوم الارض'),
(104, 52, 'الجيولوجيا'),
(105, 52, 'الجيوفيزياء'),
(106, 52, 'الجيولوجيا -الكيمياء'),
(107, 53, 'مجموعة العلوم الفيزيائية'),
(108, 53, 'الرياضيات والفيزياء والفلك'),
(109, 53, 'الرياضيات والفيزياء والفلك - الرياضيات'),
(110, 53, 'الرياضيات والفيزياء والفلك - الرياضيات والفيزياء'),
(111, 53, 'الرياضيات والفيزياء والفلك - الاحصاء وعلوم الحاسب'),
(112, 53, 'الرياضيات والفيزياء والفلك - الرياضيات وعلوم الحاسب'),
(113, 53, 'الرياضيات والفيزياء والفلك - الفيزياء وعلوم الحاسب'),
(114, 53, 'الرياضيات والفيزياء والفلك - الفيزياء'),
(115, 53, 'الرياضيات والفيزياء والفلك - علوم الفضاء'),
(116, 53, 'الفيزياء الحيوية الطبية'),
(117, 53, 'الفيزياء والكيمياء'),
(118, 53, 'الفيزياء والكيمياء - الكيمياء'),
(119, 53, 'الفيزياء والكيمياء - الكيمياء والكيمياء التطبيقية'),
(120, 53, 'الفيزياء والكيمياء - الكيمياء وكيمياء البيئة'),
(121, 54, 'مجموعة العلوم البيولوجية'),
(122, 54, 'البيولوجيا'),
(123, 54, 'البيولوجيا - الكيمياء والكيمياء الحيوية'),
(124, 54, 'البيولوجيا - الكيمياء والنبات'),
(125, 54, 'البيولوجيا - الكيمياء وعلم الحيوان'),
(126, 54, 'البيولوجيا - النبات'),
(127, 54, 'البيولوجيا - علم الحيوان'),
(128, 54, 'البيولوجيا - الميكروبيولوجيا'),
(129, 54, 'البيولوجيا - ميكروبيولوجي وكيمياء حيوية'),
(130, 55, 'مجموعة علوم الارض'),
(131, 55, 'الجيولوجيا'),
(132, 55, 'الجيولوجيا - الكيمياء والجيولوجيا'),
(133, 55, 'الجيولوجيا - الجيولوجيا'),
(134, 55, 'الجيوفيزياء'),
(135, 56, 'برنامج البيوتكنولوجي'),
(136, 57, 'الشعبه العامه'),
(137, 57, 'تصميم الاثاث والانشاءات المعدنية'),
(138, 57, 'الإعلان'),
(139, 57, 'التصميم الداخلى والاثاث'),
(140, 57, 'التصميم الصناعي'),
(141, 57, 'الخزف'),
(142, 57, 'الزجاج'),
(143, 57, 'الزخرفة'),
(144, 57, 'الطباعة والنشر والتغليف'),
(145, 57, 'الغزل والنسيج'),
(146, 57, 'الفوتوغرافيا والسينما والتليفزيون'),
(147, 57, 'الملابس الجاهزة'),
(148, 57, 'المنتجات المعدنيه والحلي'),
(149, 57, 'النحت والتشكيل المعماري'),
(150, 57, 'طباعة المنسوجات والصباغة والتجهيز'),
(151, 58, 'برنامج علوم تصميم الاثاث'),
(152, 59, 'برنامج تصميم الاعلان الرقمي'),
(153, 60, 'برنامج الموضة وطباعة المنسوجات'),
(154, 61, 'برنامج طباعة الوسائط'),
(155, 62, 'برنامج علوم التغليف'),
(156, 63, 'اللغة العربية وآدابها - انتظام'),
(157, 64, 'اللغة العربية وآدابها - انتساب'),
(158, 65, 'اللغة الإنجليزية وآدابها'),
(159, 65, 'شعبة أدب'),
(160, 65, 'شعبة لغة وترجمة'),
(161, 66, 'اللغةالفرنسيةوآدابها- انتظام'),
(162, 67, 'اللغةالفرنسيةوآدابها- انتساب'),
(163, 68, 'اللغةالألمانيةوآدابها'),
(164, 69, 'اللغة الإيطالية وآدابها'),
(165, 70, 'اللغة الاسبانية وآدابها'),
(166, 71, 'اللغة الصينية وآدابها'),
(167, 72, 'اللغة العبرية وآدابها'),
(168, 73, 'اللغات الشرقيةوآدابها'),
(169, 73, 'شعبة اللغة التركية'),
(170, 73, 'شعبة اللغة الفارسية'),
(171, 74, 'التاريخ- انتظام'),
(172, 75, 'التاريخ- انتساب'),
(173, 76, 'الجغرافيا ونظم المعلومات الجغرافيه-انتظام'),
(174, 76, 'شعبة عامة-انتظام'),
(175, 76, 'شعبة عامة-انتساب'),
(176, 76, 'شعبة خرائط ومساحة-انتظام'),
(177, 76, 'شعبة بيئة-انتظام'),
(178, 77, 'الجغرافيا ونظم المعلومات الجغرافيه-انتساب'),
(179, 77, 'شعبة عامة-انتظام'),
(180, 77, 'شعبة عامة-انتساب'),
(181, 77, 'شعبة خرائط ومساحة-انتظام'),
(182, 77, 'شعبة بيئة-انتظام'),
(183, 78, 'الفلسفة- انتظام'),
(184, 79, 'الفلسفة- انتساب'),
(185, 80, 'علم النفس'),
(186, 81, 'الاجتماع - انتظام'),
(187, 81, 'شعبةعامة - انتظام'),
(188, 81, 'شعبةعامة- انتساب'),
(189, 81, 'شعبةأنثربولوجي- انتظام'),
(190, 81, 'شعبةأنثربولوجي- انتساب'),
(191, 81, 'شعبة سكان وتنظيم الاسرة- انتظام'),
(192, 81, 'شعبة سكان وتنظيم الاسرة- انتساب'),
(193, 82, 'الاجتماع - انتساب'),
(194, 82, 'شعبةعامة - انتظام'),
(195, 82, 'شعبةعامة- انتساب'),
(196, 82, 'شعبةأنثربولوجي- انتظام'),
(197, 82, 'شعبةأنثربولوجي- انتساب'),
(198, 82, 'شعبة سكان وتنظيم الاسرة- انتظام'),
(199, 82, 'شعبة سكان وتنظيم الاسرة- انتساب'),
(200, 83, 'الإعلام'),
(201, 83, 'شعبةصحافة'),
(202, 83, 'شعبةعلاقات عامةواعلان'),
(203, 83, 'شعبةاذاعةوتليفزيون'),
(204, 84, 'الآثار والحضارة'),
(205, 84, 'شعبة الآثار المصرية'),
(206, 84, 'شعبة الآثار الاسلامية'),
(207, 84, 'شعبة الآثار البطلمية واليونانية'),
(208, 85, 'المكتبات والمعلومات- انتظام'),
(209, 86, 'المكتبات والمعلومات- انتساب'),
(210, 87, 'علوم المسرح'),
(211, 87, 'شعبة الديكور والازياء'),
(212, 87, 'شعبة تمثيل واخراج'),
(213, 87, 'شعبة نقد ودراما'),
(214, 88, 'برنامج الترجمة الفورية والتحريرية'),
(215, 89, 'برنامج اللغة الفرنسية والترجمة'),
(216, 90, 'برنامج الجوماتكس ونظم المعلومات الجغرافية'),
(217, 91, 'البرنامج العام'),
(218, 91, 'التغذيه وعلوم الاطعمة'),
(219, 91, 'الملابس والنسيج'),
(220, 91, 'إدارة موسسات الاسرة والطفولة'),
(221, 91, 'الاقتصاد المنزلى التربوى'),
(222, 91, 'الصناعات الجلديه'),
(223, 92, 'التغذيه العلاجيه '),
(224, 93, 'البرنامج العام  لائحة ساعات معتمده'),
(225, 93, 'التغذيه وعلوم الاطعمة'),
(226, 93, 'الملابس والنسيج'),
(227, 93, 'إدارة موسسات الاسرة والطفولة'),
(228, 93, 'الاقتصاد المنزلى التربوى'),
(229, 93, 'الصناعات الجلديه'),
(230, 94, 'اللغة العربية'),
(231, 94, 'اللعة الانجليزية'),
(232, 94, 'اللغة الفرنسية'),
(233, 94, 'اللغة الالمانية'),
(234, 94, 'اللغة الانجليزية لغير المتخصصين'),
(235, 94, 'تاريخ'),
(236, 94, 'جغرافيا'),
(237, 94, 'فلسفة واجتماع'),
(238, 94, 'جيولوجي'),
(239, 94, 'بيولوجي'),
(240, 94, 'الرياضيات باللغة العربية'),
(241, 94, 'الرياضيات باللغة الانجليزية'),
(242, 94, 'الكيمياء باللغة العربية'),
(243, 94, 'الكيمياء باللغة الانجليزية'),
(244, 94, 'الفيزياء باللغة العربية'),
(245, 94, 'الفيزياء باللغة الانجليزية'),
(246, 94, 'اللغة العربية تعليم اساسي'),
(247, 94, 'اللغة الانجليزية تعليم اساسي'),
(248, 94, 'علوم تعليم اساسي'),
(249, 94, 'رياضيات تعليم اساسي'),
(250, 94, 'دراسات اجتماعية تعليم اساسي'),
(251, 94, 'التعليم التجاري'),
(252, 95, 'قسم تكنولوجيا التعليم'),
(253, 95, 'أخصائى تكنولوجيا التعليم والمعلومات'),
(254, 95, 'اخصائي تكنولوجيا التعليم ذوي احتياجات خاصة'),
(255, 96, 'التربية الخاصة عربي'),
(256, 96, 'التربية الخاصة انجليزي'),
(257, 97, 'رياض اطفال'),
(258, 98, 'علم النفس'),
(259, 99, 'الصناعات المعمارية'),
(260, 99, 'الصناعات الخشبية'),
(261, 99, 'الصناعات المعدنية'),
(262, 99, 'الصناعات والمشغولات النسيجية '),
(263, 99, 'طباعة وصباغة منسوجات'),
(264, 99, 'الزخرفة والاعلان '),
(265, 99, 'الملابس الجاهزة'),
(266, 100, 'البرنامج العام انتظام'),
(267, 101, 'البرنامج العام انتساب'),
(268, 102, 'قسم الإرشاد السياحي'),
(269, 103, 'قسم الدراسات السياحية عربي'),
(270, 104, 'قسم الدراسات السياحية لغات'),
(271, 105, 'قسم الإدارة الفندقية عربي'),
(272, 106, 'قسم الإدارة الفندقية لغات'),
(273, 107, 'برنامج الدراسات التراثية والمتحفية'),
(274, 108, 'برنامج إدارة عمليات الطيران'),
(275, 109, 'برنامج إدارة الفنادق (ماريوت)'),
(276, 110, 'برنامج التعليم التبادلي (أمريكانا)'),
(277, 111, 'برنامج التعليم التبادلي (ماكدونالدز)'),
(278, 112, 'برنامج التعليم التبادلي (برجر كنج)'),
(279, 113, 'برنامج التعليم التبادلي (موري كو)'),
(280, 114, 'البرنامج العام'),
(281, 115, 'عام عربى - انتظام'),
(282, 115, 'شعبة المحاسبة - عربى انتظام'),
(283, 115, 'شعبة التجارة الخارجية - عربى انتظام'),
(284, 115, ' شعبة إدارة الأعمال - عربى انتظام'),
(285, 115, 'شعبة الاقتصاد - عربى انتظام'),
(286, 115, 'شعبة الرياضة والتأمين والإحصاء التطبيقي - عربى انتظام'),
(287, 115, 'شعبة العلوم السياسية - عربى انتظام'),
(288, 115, 'شعبة نظم المعلومات - عربى انتظام'),
(289, 116, 'عام عربى - انتساب'),
(290, 116, 'شعبة المحاسبة - عربى انتساب'),
(291, 116, 'شعبة التجارة الخارجية - عربى انتساب'),
(292, 116, ' شعبة إدارة الأعمال - عربى انتساب'),
(293, 116, 'شعبة الاقتصاد - عربى انتساب'),
(294, 116, 'شعبة العلوم السياسية - عربى انتساب'),
(295, 117, 'عام لغات - انتظام'),
(296, 117, 'شعبة المحاسبة - لغات انتظام'),
(297, 117, 'شعبة التجارة الخارجية - لغات انتظام'),
(298, 117, ' شعبة إدارة الأعمال - لغات انتظام'),
(299, 117, 'شعبة الاقتصاد - لغات انتظام'),
(300, 117, 'شعبة شعبة الرياضة والتأمين والإحصاء التطبيقي - لغات انتظام'),
(301, 117, 'شعبة نظم المعلومات - لغات انتظام'),
(302, 118, 'عام لغات - انتساب'),
(303, 118, 'شعبة المحاسبة - لغات انتساب'),
(304, 118, 'شعبة التجارة الخارجية - لغات انتساب'),
(305, 118, ' شعبة إدارة الأعمال - لغات انتساب'),
(306, 118, 'شعبة الاقتصاد - لغات انتساب'),
(307, 118, 'شعبة شعبة الرياضة والتأمين والإحصاء التطبيقي - لغات انتساب'),
(308, 119, 'برنامج نظم معلومات الأعمال (BIS)'),
(309, 120, 'برنامج الأسواق والمنشأت المالية (FMI)'),
(310, 121, 'البرنامج العام'),
(311, 122, 'برنامج الدبلوم التخصصى '),
(312, 123, 'البرنامج العام'),
(313, 123, 'تدريب جماعي'),
(314, 123, 'تدريب فردي'),
(315, 123, 'تدريب أساسي'),
(316, 123, 'تربية معدلة'),
(317, 123, 'علم نفس'),
(318, 123, 'علوم حركة'),
(319, 123, 'علوم صحة'),
(320, 123, 'إدارة'),
(321, 123, 'ترويح'),
(322, 123, 'كبار سن'),
(323, 123, 'مناهج'),
(324, 124, 'البرنامج العام'),
(325, 124, 'التدريب الرياضي (بتخصصاته التطبيقية)'),
(326, 124, 'الإدارة الرياضية'),
(327, 124, 'التعليم');

-- --------------------------------------------------------

--
-- Table structure for table `rooms`
--

CREATE TABLE `rooms` (
  `id` int(11) NOT NULL,
  `number` int(11) DEFAULT NULL,
  `type` varchar(40) NOT NULL,
  `floorId` int(11) DEFAULT NULL
) ENGINE=InnoDB DEFAULT CHARSET=utf8mb4 COLLATE=utf8mb4_general_ci;

--
-- Dumping data for table `rooms`
--

INSERT INTO `rooms` (`id`, `number`, `type`, `floorId`) VALUES
(1, 1, 'سكن عادي', 1),
(2, 2, 'سكن عادي', 1),
(7, 7, 'سكن عادي', 3),
(8, 8, 'سكن عادي', 3),
(9, 9, 'سكن عادي', 4),
(10, 99, 'سكن عادي', 6),
(11, 100, 'سكن عادي', 5),
(29, 1, 'سكن عادي', 2),
(33, 2, 'سكن عادي', 2),
(39, 4, 'سكن عادي', 1),
(40, 43, 'سكن عادي', 1),
(41, 234, 'سكن عادي', 1),
(44, 1, 'سكن عادي', 21),
(45, 224, 'سكن عادي', 21),
(48, 576, 'سكن مميز', 1),
(51, 33, 'سكن عادي', 1),
(53, 6576, 'سكن مميز', 1);

-- --------------------------------------------------------

--
-- Table structure for table `studentfees`
--

CREATE TABLE `studentfees` (
  `id` int(11) NOT NULL,
  `type` varchar(50) NOT NULL,
  `isPayed` int(11) NOT NULL,
  `sum` float NOT NULL,
  `date` varchar(50) NOT NULL,
  `studentId` int(11) NOT NULL
) ENGINE=InnoDB DEFAULT CHARSET=utf8mb4 COLLATE=utf8mb4_general_ci;

--
-- Dumping data for table `studentfees`
--

INSERT INTO `studentfees` (`id`, `type`, `isPayed`, `sum`, `date`, `studentId`) VALUES
(1, 'new1', 0, 334, '2024-02-15', 5),
(2, 'new2', 0, 223, '2024-02-07', 5),
(3, 'saasaserr', 0, 5767, '2024-02-06', 5),
(4, 'adsasd', 1, 5765, '2024-02-13', 5),
(5, 'new2', 1, 576, '2024-02-13', 7),
(6, 'adsasd', 1, 343, '2024-02-22', 7),
(7, 'adsasd', 1, 132, '2024-03-13', 3),
(8, 'normal rescidence', 1, 0, '2024-03-07', 3);

-- --------------------------------------------------------

--
-- Table structure for table `students`
--

CREATE TABLE `students` (
  `id` int(11) NOT NULL,
  `nationalId` varchar(20) DEFAULT NULL,
  `name` varchar(100) DEFAULT NULL,
  `birthday` varchar(30) DEFAULT NULL,
  `age` int(11) NOT NULL,
  `distance` float NOT NULL,
  `dateOfApplying` varchar(30) DEFAULT NULL,
  `placeOfBirth` varchar(100) DEFAULT NULL,
  `image` varchar(400) DEFAULT NULL,
  `gender` varchar(10) DEFAULT NULL,
  `telephone` varchar(20) DEFAULT NULL,
  `mobile` varchar(20) DEFAULT NULL,
  `email` varchar(100) DEFAULT NULL,
  `religion` varchar(50) DEFAULT NULL,
  `faculty` varchar(100) DEFAULT NULL,
  `fatherName` varchar(100) DEFAULT NULL,
  `fatherNationalId` varchar(20) DEFAULT NULL,
  `fatherOccupation` varchar(100) DEFAULT NULL,
  `fatherNumber` varchar(20) DEFAULT NULL,
  `guardianName` varchar(100) DEFAULT NULL,
  `guardianNationalId` varchar(20) DEFAULT NULL,
  `guardianRelationship` varchar(50) DEFAULT NULL,
  `residence` varchar(100) DEFAULT NULL,
  `addressDetails` varchar(1000) DEFAULT NULL,
  `isDisabled` int(11) DEFAULT NULL,
  `familyAbroad` int(11) DEFAULT NULL,
  `highschoolAbroad` int(11) DEFAULT NULL,
  `highschoolSpecialization` varchar(100) DEFAULT NULL,
  `academicYear` int(11) NOT NULL,
  `grade` varchar(10) DEFAULT NULL,
  `accomodationType` varchar(50) DEFAULT NULL,
  `accomodationWithNutrition` int(11) DEFAULT NULL,
  `password` varchar(255) DEFAULT NULL,
  `username` varchar(100) DEFAULT NULL,
  `isNew` int(11) DEFAULT NULL,
  `isApproved` int(11) DEFAULT NULL,
  `isAccepted` int(11) DEFAULT NULL,
  `isHoused` int(11) DEFAULT NULL
) ENGINE=InnoDB DEFAULT CHARSET=utf8mb4 COLLATE=utf8mb4_general_ci;

--
-- Dumping data for table `students`
--

INSERT INTO `students` (`id`, `nationalId`, `name`, `birthday`, `age`, `distance`, `dateOfApplying`, `placeOfBirth`, `image`, `gender`, `telephone`, `mobile`, `email`, `religion`, `faculty`, `fatherName`, `fatherNationalId`, `fatherOccupation`, `fatherNumber`, `guardianName`, `guardianNationalId`, `guardianRelationship`, `residence`, `addressDetails`, `isDisabled`, `familyAbroad`, `highschoolAbroad`, `highschoolSpecialization`, `academicYear`, `grade`, `accomodationType`, `accomodationWithNutrition`, `password`, `username`, `isNew`, `isApproved`, `isAccepted`, `isHoused`) VALUES
(1, '123', 'omar22', '2023-11-09', 21, 210, '2023-11-21', 'sdasdasd', '/default-photo.jpg', 'M', 'asdasa', 'asdasda', 'sdadsasd@4343', 'مسلم', 'sdasda', 'sdasda', 'sfasfda', 'fgdghdhf', 'sdasda', 'fgdfgd', 'fgdg', 'sdadsa', 'sdasda', 'asdasda', 0, 1, 0, 'علمى علوم', 1, '20', 'سكن مميز', 0, '$2b$10$gXT/HtDIRTtnR4pu3QWmMe.ufbeXKX8J2AMvhfe0zGiMC6.ZqpYB2', '123', 0, 1, 1, 0),
(2, '1234', 'adel', '2023-09-19', 18, 540, '2023-11-21', 'gfdgfd', NULL, 'M', 'fghdfghd', 'fgdfgfgdfgd', 'hfgdghfdghfdz3gfdftgdfg@fsdtfgdgdfgg', 'مسيحى', 'fghdfghd', 'hfgdfghd', 'dfghdfghd', 'hgdfghdfhg', 'dfgsgfdsdfgs', 'hdhfdf', 'fdhfd', 'fghdhfgdhd', 'fgdghfdfghdhfgdfgh', 'fghdhgfzd', 0, 0, 1, 'أزهرى أدبى', 0, '200', 'سكن عادي', 0, '$2b$10$vp8IFqfumpwS/IWc1v9Yy.FbHN.VuXXG54M1Czz3i9l56nij6g.hW', '1234', 1, 1, 0, 0),
(3, '12345', 'testname', '2023-11-10', 19, 332, '2023-11-22', 'edrsfgdsdfgs', '/me1701095641268.png', 'M', 'dfsdfsdfgs', 'sdfsdfsdfgds', 'dfgsgdfs', 'مسيحى', 'dfgsgdfs', 'dfsdfsdfgs', 'dfgsdfgsdfgsdfg', 'dfgdfgsdfgs', 'dfsdfgsdfgsdfg', 'dfsdfgsdfgs', 'dfsdfsdfs', 'dfsdfgsdfg', 'dfgsgdfs', 'dfgsdgfsgf', 0, 1, 1, 'علمى رياضة', 1, '45', 'سكن عادي', 0, '$2b$10$kdtZ6hG9Tzc3mdT3qgAqbeLIAiT9hWeFDoLVdjqHbEonfqjIbvvBy', '12345', 0, 1, 1, 1),
(4, '1234566', 'dfgfgdfg', '2023-11-14', 20, 1001, '2023-11-26', 'dfsgdfsdfgs', NULL, 'F', 'dfgsdfgsgdfs', 'sgfsgdfsgfds', 'sdfgssdfgsgdfsgfds', 'مسلم', 'sgfdsgfds', 'fgdsgfdsgfd', 'sdfgsgdfsgdfs', 'dfgsdfgs', 'sdfgsdfgsdfg', 'dfgsgdfs', 'dfgsgdfs', 'dfgsdfgs', 'gfdgfdfg', 'fgdsfghd', 1, 1, 0, 'أزهرى علمى', 3, '20', 'سكن عادي', 1, '$2b$10$dPEAevq4eymdsyNTNOuTN.mzSy2PSadsK.Ae7FJcq//SolI0WRgsS', '1234566', 0, 0, 0, 0),
(5, '111', 'gesdgsgdfsddf', '2024-01-17', 25, 1000, '2024-1-6', 'dgsgfdsdgf', NULL, 'M', '35435434', '56465445', 'sffd@sfdgsfgd', 'مسلم', 'sesesesesafdasdf', 'sdasdfasdfa', '42342342', 'asdafdsadfs', '54654', 'sdafdsasdfa', '342432342', 'asfdsasdfa', 'asasa', 'yuuytgjhg8-ghfhgfghg', 0, 0, 0, 'أدبى', 0, '333', 'سكن عادي', 0, '$2b$10$L2tFFr8z1xpgFdIADtsEYuU.Qfsg3dNMu7rSgNULp8W6qTfK0aVFu', '111', 1, 1, 1, 0),
(6, '112222', 'ersfdgsdfgs', '2002-03-21', 19, 20, '2024-1-6', 'fasdfasdfa', NULL, 'F', 'sfdsdfsdfs', 'sdfasda', 'dfgsfd@fsdfsdf', 'مسلم', 'dfsdfsdfs', 'sddfgsgdfsdfg', 'dfgsdfgsdfgsdf', 'dfgsdfgsdfgs', 'sdfasdfasdfa', 'sdfgsdfgs', 'dfgsgdfsdfg', 'sdaasdfasdf', 'dfgsdfgsdfgs', 'dsdfgsdfgsdfg', 1, 0, 1, 'أزهرى علمى', 0, '3.7', 'سكن عادي', 0, '$2b$10$Txdra3FdagBe3RMOkdvkVeu7NLDpN3TAjh0cmWcEhe2NH/qES6MKq', '112222', 1, 0, 0, 0),
(7, '435434535', 'fdsdfsdfs', '2003-03-21', 33, 110, '2024-1-6', 'dfsdfsdfsf', NULL, 'M', 'dfsfdsdfs', 'sdfasdfafs', 'dfsdfsdf@fdsdfsdf', 'مسيحى', 'fdsdfsdfs', 'dfsdfsdfs', 'dfsdfsdfs', 'dfsdfgsgdfs', 'sfafsdasdf', 'gdsdfgsdfg', 'dfsdfsdfs', 'fsaasdfasdf', 'dfsdfsfdsfd', 'dfsdfsf', 1, 0, 0, 'أدبى', 0, '456', 'سكن عادي', 1, '$2b$10$yzcfZlrkH2r5hRDgvKGSRO/WMXbkpbgpeULvt.iCNmEhsVWvj/bse', '435434535', 1, 1, 1, 1),
(8, '111231453543', 'fsdfsfd', '1996-05-07', 27, 11.1611, '2024-1-6', 'wdasdads', NULL, 'F', 'sdasdasda', 'asdasd', 'dsasdasdasd', 'مسلم', 'sasdasda', 'sdasdasdas', 'adsasda', 'sdasdasdasd', 'dsasda', 'asdasdasd', 'asdasdaasd', 'sdasda', 'sasdasda', 'sasasda', 0, 1, 0, 'معاهد فنية ثلاث سنوات', 4, '45', 'سكن عادي', 0, '$2b$10$cCc7BCQy2zIyQJ.ltqymJetohWzYpngkYtyGuckTuNTmuE.jYLhy2', '111231453543', 0, 1, 1, 1),
(9, '444444', 'esfgdsdgfs', '1990-01-09', 34, 13.4478, '2024-1-9', 'dsdfgsdfgs', NULL, 'M', 'dfsdfgsdfgsfd', 'dfgsdfgsdfgs', 'sdfgsdfgsdfgs', 'مسلم', 'dfgsdfgsdfgsg', 'dfgsfgsgds', '2353543543', 'gdsdgfsgdfs', 'dsfdgsdfgs', 'sfdsgsdfgsg', '34353453', 'dsdfgsdgfsdfg', 'fddfsdfgsg', 'dfsgddfsgdfsdfg', 0, 1, 0, 'أزهرى علمى', 4, '2.76', 'سكن عادي', 1, '$2b$10$.IPUPFmBDpm7ib0eSZkVROQWy3UngcPZX8nUBKBR727MuwlHQqTyi', '444444', 0, 1, 0, 0),
(10, 'asdfasdfa', 'sdfasdfasdfasf', '2024-02-22', -1, 12.8767, '2024-2-13', 'sdfadfsasd', NULL, 'F', 'sdafdsasdfa', 'asdfasfda', 'asdfafds', 'مسلم', 'sdfasdfa', 'fdsasdfa', 'dasdfafsda', 'sdasdfa', 'sdfasdfaf', 'sdfadfsasdf', 'saassdfasfd', 'sdafsdasfeda', 'saasasdf', 'sdsdasdasdf', 1, 1, 1, 'معاهد فنية ثلاث سنوات', 2, '45', 'سكن عادي', 1, '$2b$10$B.XXdgAX9f5Hb29irOub/eUjqVCxsJfMIazgj3BfYEIR6aZhreC2W', 'asdfasdfa', 1, 0, 0, 0);

-- --------------------------------------------------------

--
-- Table structure for table `towns`
--

CREATE TABLE `towns` (
  `id` int(11) NOT NULL,
  `name` varchar(100) DEFAULT NULL
) ENGINE=InnoDB DEFAULT CHARSET=utf8mb4 COLLATE=utf8mb4_general_ci;

--
-- Dumping data for table `towns`
--

INSERT INTO `towns` (`id`, `name`) VALUES
(1, 'town 1'),
(3, 'town 2'),
(43, '556');

--
-- Indexes for dumped tables
--

--
-- Indexes for table `applicationdates`
--
ALTER TABLE `applicationdates`
  ADD PRIMARY KEY (`id`);

--
-- Indexes for table `beds`
--
ALTER TABLE `beds`
  ADD PRIMARY KEY (`id`),
  ADD KEY `roomId` (`roomId`);

--
-- Indexes for table `blockmeals`
--
ALTER TABLE `blockmeals`
  ADD PRIMARY KEY (`id`),
  ADD KEY `studentId` (`studentId`);

--
-- Indexes for table `buildings`
--
ALTER TABLE `buildings`
  ADD PRIMARY KEY (`id`),
  ADD KEY `townId` (`townId`);

--
-- Indexes for table `categories`
--
ALTER TABLE `categories`
  ADD PRIMARY KEY (`id`);

--
-- Indexes for table `departments`
--
ALTER TABLE `departments`
  ADD PRIMARY KEY (`id`),
  ADD KEY `departmentsFacultyIDFK` (`facultyId`);

--
-- Indexes for table `employees`
--
ALTER TABLE `employees`
  ADD PRIMARY KEY (`id`);

--
-- Indexes for table `faculties`
--
ALTER TABLE `faculties`
  ADD PRIMARY KEY (`id`);

--
-- Indexes for table `fees`
--
ALTER TABLE `fees`
  ADD PRIMARY KEY (`id`);

--
-- Indexes for table `floors`
--
ALTER TABLE `floors`
  ADD PRIMARY KEY (`id`),
  ADD KEY `buildingId` (`buildingId`);

--
-- Indexes for table `instructions`
--
ALTER TABLE `instructions`
  ADD PRIMARY KEY (`id`);

--
-- Indexes for table `levels`
--
ALTER TABLE `levels`
  ADD PRIMARY KEY (`id`),
  ADD KEY `levelProgramIDFK` (`programId`);

--
-- Indexes for table `logs`
--
ALTER TABLE `logs`
  ADD PRIMARY KEY (`id`);

--
-- Indexes for table `penalties`
--
ALTER TABLE `penalties`
  ADD PRIMARY KEY (`id`),
  ADD KEY `studentId` (`studentId`);

--
-- Indexes for table `programs`
--
ALTER TABLE `programs`
  ADD PRIMARY KEY (`id`),
  ADD KEY `programsDepartmentIDFK` (`departmentId`);

--
-- Indexes for table `rooms`
--
ALTER TABLE `rooms`
  ADD PRIMARY KEY (`id`),
  ADD KEY `floorId` (`floorId`);

--
-- Indexes for table `studentfees`
--
ALTER TABLE `studentfees`
  ADD PRIMARY KEY (`id`),
  ADD KEY `studentfeesStudentFK` (`studentId`);

--
-- Indexes for table `students`
--
ALTER TABLE `students`
  ADD PRIMARY KEY (`id`);

--
-- Indexes for table `towns`
--
ALTER TABLE `towns`
  ADD PRIMARY KEY (`id`);

--
-- AUTO_INCREMENT for dumped tables
--

--
-- AUTO_INCREMENT for table `applicationdates`
--
ALTER TABLE `applicationdates`
  MODIFY `id` int(11) NOT NULL AUTO_INCREMENT, AUTO_INCREMENT=19;

--
-- AUTO_INCREMENT for table `beds`
--
ALTER TABLE `beds`
  MODIFY `id` int(11) NOT NULL AUTO_INCREMENT, AUTO_INCREMENT=84;

--
-- AUTO_INCREMENT for table `blockmeals`
--
ALTER TABLE `blockmeals`
  MODIFY `id` int(11) NOT NULL AUTO_INCREMENT, AUTO_INCREMENT=4;

--
-- AUTO_INCREMENT for table `buildings`
--
ALTER TABLE `buildings`
  MODIFY `id` int(11) NOT NULL AUTO_INCREMENT, AUTO_INCREMENT=31;

--
-- AUTO_INCREMENT for table `categories`
--
ALTER TABLE `categories`
  MODIFY `id` int(11) NOT NULL AUTO_INCREMENT, AUTO_INCREMENT=10;

--
-- AUTO_INCREMENT for table `departments`
--
ALTER TABLE `departments`
  MODIFY `id` int(11) NOT NULL AUTO_INCREMENT, AUTO_INCREMENT=125;

--
-- AUTO_INCREMENT for table `employees`
--
ALTER TABLE `employees`
  MODIFY `id` int(11) NOT NULL AUTO_INCREMENT, AUTO_INCREMENT=4;

--
-- AUTO_INCREMENT for table `faculties`
--
ALTER TABLE `faculties`
  MODIFY `id` int(11) NOT NULL AUTO_INCREMENT, AUTO_INCREMENT=23;

--
-- AUTO_INCREMENT for table `fees`
--
ALTER TABLE `fees`
  MODIFY `id` int(11) NOT NULL AUTO_INCREMENT, AUTO_INCREMENT=10;

--
-- AUTO_INCREMENT for table `floors`
--
ALTER TABLE `floors`
  MODIFY `id` int(11) NOT NULL AUTO_INCREMENT, AUTO_INCREMENT=25;

--
-- AUTO_INCREMENT for table `instructions`
--
ALTER TABLE `instructions`
  MODIFY `id` int(11) NOT NULL AUTO_INCREMENT, AUTO_INCREMENT=98;

--
-- AUTO_INCREMENT for table `levels`
--
ALTER TABLE `levels`
  MODIFY `id` int(11) NOT NULL AUTO_INCREMENT, AUTO_INCREMENT=966;

--
-- AUTO_INCREMENT for table `logs`
--
ALTER TABLE `logs`
  MODIFY `id` int(11) NOT NULL AUTO_INCREMENT, AUTO_INCREMENT=57;

--
-- AUTO_INCREMENT for table `penalties`
--
ALTER TABLE `penalties`
  MODIFY `id` int(11) NOT NULL AUTO_INCREMENT, AUTO_INCREMENT=6;

--
-- AUTO_INCREMENT for table `programs`
--
ALTER TABLE `programs`
  MODIFY `id` int(11) NOT NULL AUTO_INCREMENT, AUTO_INCREMENT=328;

--
-- AUTO_INCREMENT for table `rooms`
--
ALTER TABLE `rooms`
  MODIFY `id` int(11) NOT NULL AUTO_INCREMENT, AUTO_INCREMENT=54;

--
-- AUTO_INCREMENT for table `studentfees`
--
ALTER TABLE `studentfees`
  MODIFY `id` int(11) NOT NULL AUTO_INCREMENT, AUTO_INCREMENT=9;

--
-- AUTO_INCREMENT for table `students`
--
ALTER TABLE `students`
  MODIFY `id` int(11) NOT NULL AUTO_INCREMENT, AUTO_INCREMENT=11;

--
-- AUTO_INCREMENT for table `towns`
--
ALTER TABLE `towns`
  MODIFY `id` int(11) NOT NULL AUTO_INCREMENT, AUTO_INCREMENT=44;

--
-- Constraints for dumped tables
--

--
-- Constraints for table `beds`
--
ALTER TABLE `beds`
  ADD CONSTRAINT `beds_ibfk_1` FOREIGN KEY (`roomId`) REFERENCES `rooms` (`id`) ON DELETE CASCADE;

--
-- Constraints for table `blockmeals`
--
ALTER TABLE `blockmeals`
  ADD CONSTRAINT `blockmeals_ibfk_1` FOREIGN KEY (`studentId`) REFERENCES `students` (`id`) ON DELETE CASCADE;

--
-- Constraints for table `buildings`
--
ALTER TABLE `buildings`
  ADD CONSTRAINT `buildings_ibfk_1` FOREIGN KEY (`townId`) REFERENCES `towns` (`id`) ON DELETE CASCADE;

--
-- Constraints for table `departments`
--
ALTER TABLE `departments`
  ADD CONSTRAINT `departmentsFacultyIDFK` FOREIGN KEY (`facultyId`) REFERENCES `faculties` (`id`) ON DELETE CASCADE ON UPDATE CASCADE;

--
-- Constraints for table `floors`
--
ALTER TABLE `floors`
  ADD CONSTRAINT `floors_ibfk_1` FOREIGN KEY (`buildingId`) REFERENCES `buildings` (`id`) ON DELETE CASCADE;

--
-- Constraints for table `levels`
--
ALTER TABLE `levels`
  ADD CONSTRAINT `levelProgramIDFK` FOREIGN KEY (`programId`) REFERENCES `programs` (`id`);

--
-- Constraints for table `penalties`
--
ALTER TABLE `penalties`
  ADD CONSTRAINT `penalties_ibfk_1` FOREIGN KEY (`studentId`) REFERENCES `students` (`id`) ON DELETE CASCADE;

--
-- Constraints for table `programs`
--
ALTER TABLE `programs`
  ADD CONSTRAINT `programsDepartmentIDFK` FOREIGN KEY (`departmentId`) REFERENCES `departments` (`id`);

--
-- Constraints for table `rooms`
--
ALTER TABLE `rooms`
  ADD CONSTRAINT `rooms_ibfk_1` FOREIGN KEY (`floorId`) REFERENCES `floors` (`id`) ON DELETE CASCADE;

--
-- Constraints for table `studentfees`
--
ALTER TABLE `studentfees`
  ADD CONSTRAINT `studentfeesStudentFK` FOREIGN KEY (`studentId`) REFERENCES `students` (`id`) ON DELETE CASCADE ON UPDATE CASCADE;
COMMIT;

/*!40101 SET CHARACTER_SET_CLIENT=@OLD_CHARACTER_SET_CLIENT */;
/*!40101 SET CHARACTER_SET_RESULTS=@OLD_CHARACTER_SET_RESULTS */;
/*!40101 SET COLLATION_CONNECTION=@OLD_COLLATION_CONNECTION */;
